title,date,content,topic,author,link_img
Chứng khoán nối dài sắc xanh,"Thứ tư, 15/5/2024, 16:38 (GMT+7)","Thị trường tiếp tục khởi sắc trong phiên hôm nay, sau nhịp phục hồi phiên 14/5. VN-Index bật lên sau ATO, sau đó đi ngang đến giữa phiên sáng khi nhà đầu tư thận trọng chờ diễn biến. Tuy nhiên, nhịp giao dịch được đẩy nhanh hơn sau 11h, dòng tiền mua vào quyết liệt. Các nhóm được chú ý như thép, chứng khoán, công nghệ bật nhanh, giúp chỉ số của sàn HoSE nới rộng sắc xanh.
Chốt phiên, VN-Index dừng tại 1.254,39 điểm, tăng hơn 11 điểm (0,89%) so với phiên trước. VN30-Index thêm 12,7 điểm (0,99%), lên gần 1.290 điểm. Trên sàn Hà Nội, HNX-Index và UPCOM-Index cùng đóng cửa trên tham chiếu.
Thanh khoản toàn thị trường đạt hơn 25.300 tỷ đồng, trong đó HoSE trên 22.000 tỷ, tăng hơn 7.400 tỷ đồng so với phiên trước.
Nhà đầu tư nước ngoài hôm nay mua ròng gần 300 tỷ đồng.
Sắc xanh chiếm ưu thế vào cuối phiên, sàn HoSE có 290 cổ phiếu tăng so với 126 mã giảm.
HPG là cổ phiếu đóng góp nhiều nhất cho VN-Index với 1,4 điểm khi mã này tăng hơn 3%, lên 31.200 đồng. HPG cũng là mã ghi nhận thanh khoản cao nhất phiên hôm nay, với gần 1.400 tỷ đồng.
Trong nhóm bluechip, các cổ phiếu công nghệ, bán lẻ cũng là tâm điểm chú ý. FPT đứng thứ hai về biên độ tăng, với 2,76%. MSN, STB tăng trên 2%, SSI, MWG, BID có thêm hơn 1%. Ngược lại, ba cổ phiếu ngân hàng là VPB, ACB và TPB giữ sắc đỏ vào cuối phiên.
Ở phân khúc vốn hóa trung bình (mid-cap), dòng tiền cũng tập trung vào nhóm cổ phiếu chứng khoán, thép và bán lẻ. FTS, CTS đóng cửa tăng kịch trần, BVS có thêm gần 5%, MBS, VDS, BSI tăng quanh ngưỡng 3%. Ở nhóm bán lẻ, DGW, FRT đóng cửa có thêm hơn 1%.
Với nhóm bất động sản, sắc xanh cũng chiếm ưu thế. NVL có thêm gần 3%, NLG, DIG, PDR vượt tham chiếu.
Minh Sơn",chứng khoán,VNexpress,N/A
Chứng khoán tăng trở lại,"Thứ ba, 14/5/2024, 15:41 (GMT+7)","Chỉ số đại diện sàn HoSE mở cửa với diễn biến tích cực, tăng hơn 8 điểm sau phiên ATO. Sau một tiếng đầu giao dịch, chỉ số này cải thiện hơn 12 điểm so với tham chiếu, vượt mốc 1.250 điểm.
Nhóm bluechip tạo động lực lớn cho thị trường, trong đó VIC nổi bật nhất. Mã chứng khoản của Vingroup có thời điểm tiệm cận giá trần khi cổ phiếu VinFast (VFS) trên sàn Nasdaq tăng hơn một nửa sau khi chính thức nhận đặt cọc mẫu xe điện mini VF3 với nhiều phản hồi tích cực.
Tuy nhiên dòng tiền rót vào chứng khoán không đủ mạnh. Sau 10h, các mã bluechip dần hạ nhiệt kéo chỉ số chung hạ độ cao. Sang buổi chiều, thị trường chủ yếu đi ngang, biến động ngắn. VN-Index đóng cửa tăng hơn 3 điểm, đạt khoảng 1.243,3 điểm.
Toàn sàn HoSE có 226 mã tăng, 201 mã giảm giá. Chênh lệch giữa hai nhóm không nhiều cho thấy động lực tăng của thị trường chưa đủ mạnh.
Bán lẻ là nhóm có diễn biến nổi bật nhất hôm nay khi MWG và DGW tăng lần lượt 3,1% và 2,2%. Riêng MWG là mã có thanh khoản lớn nhất thị trường, đạt hơn 968 tỷ đồng.
Ngoài ra, sắc xanh trên thị trường chủ yếu đến từ các mã riêng lẻ ở rải rác từng ngành. Trong đó, đóng góp chính cho VN-Index là VIC, HVN, MWG, VPB, BCM, GVR. Ở chiều ngược lại, các mã PLX, BID, VCB, TCB hình thành lực cản.
Thanh khoản hôm nay giảm ngược chiều với điểm số. Tổng giá trị giao dịch sàn HoSE đạt trên 15.600 tỷ đồng, sụt hơn 1.600 tỷ. Đây là phiên thứ ba, thị trường TP HCM có thanh khoản dưới 20.000 tỷ.
Nhà đầu tư nước ngoài bán ròng hơn 800 tỷ đồng, phiên thứ năm liên tiếp. Hôm nay họ tập trung xả hàng VHM, VPB, HPG.
Như vậy, đây là phiên thứ sáu liên tiếp VN-Index kiểm tra mốc 1.250 điểm nhưng bất thành. Do đó, các đơn vị phân tích đều khuyến nghị nhà đầu tư ngắn hạn chỉ nên xem xét giải ngân nếu chỉ số bứt phá mạnh lên trên vùng kháng cự.
Tất Đạt",chứng khoán,VNexpress,N/A
Hòa Phát sắp tăng vốn lên gần 64.000 tỷ đồng,"Chủ nhật, 12/5/2024, 10:28 (GMT+7)","Tập đoàn Hòa Phát (HPG) vừa thông báo chốt danh sách cổ đông hưởng quyền nhận cổ phiếu phát hành thêm vào ngày 25/5.
Theo đó, doanh nghiệp của tỷ phú Trần Đình Long sẽ phát hành thêm hơn 580 triệu cổ phiếu cho cổ đông hiện hữu, với tỷ lệ 10%. Tức là, mỗi đông sở hữu 10 cổ phiếu HPG sẽ nhận thêm 1 cổ phiếu mới.
Nguồn phát hành được lấy từ thặng dư vốn cổ phần hơn 3.200 tỷ đồng, lợi nhuận sau thuế chưa phân phối hơn 2.600 tỷ. Dự kiến sau phát hành, vốn điều lệ của Hòa Phát sẽ tăng thêm gần 6.000 tỷ, từ mức 58.100 tỷ đồng lên gần 64.000 tỷ đồng. Mức này tương đương gần 6,4 tỷ cổ phiếu HPG lưu hành.
Sau đợt phát hành này, Hòa Phát sẽ là doanh nghiệp có số cổ phiếu lưu hành lớn thứ hai trên thị trường chứng khoán, chỉ sau VPBank với 7,9 tỷ cổ phiếu.
Theo Chủ tịch Hòa Phát, những năm qua tập đoàn phải dành nguồn lực cho đầu tư các dự án lớn, nên chia cổ tức bằng cổ phiếu. Quan điểm của tập đoàn là hài hòa lợi ích của doanh nghiệp và cổ đông. ""Nếu kết quả kinh doanh khả quan, từ năm 2025, Hòa Phát sẽ quay lại chia cổ tức bằng tiền mặt"", ông Long nói.
Năm nay, tập đoàn của tỷ phú Trần Đình Long đặt mục tiêu doanh thu 140.000 tỷ đồng, lãi sau thuế 10.000 tỷ, lần lượt tăng 16% và 47% so với thực hiện năm 2023.
Chia sẻ tại cuộc họp đại hội cổ đông đầu tháng 4, tỷ phú Trần Đình Long nói 5-10 năm tới Hòa Phát sẽ dồn lực làm thép. Hiện, tập đoàn này đang dồn lực hoàn thành dự án Khu liên hợp sản xuất gang thép Hòa Phát Dung Quất 2 (Quảng Ngãi). Dự án này khi vận hành sẽ nâng năng lực sản xuất thép thô của doanh nghiệp lên hơn 14 triệu tấn một năm.
Đầu năm nay, tập đoàn này cũng quyết định đầu tư 3 dự án tại Phú Yên, gồm cảng biển, khu công nghiệp và khu liên hợp gang thép, với tổng vốn 120.000 tỷ đồng (tương đương 5 tỷ USD). Riêng dự án khu liên họp gang thép khoảng 86.000 tỷ đồng, để sản xuất thép HRC chất lượng cao.
Hòa Phát, doanh nghiệp đứng top đầu thị phần tại Việt Nam về thép xây dựng, mỗi năm sản xuất 8,5 triệu tấn thép thô. Trong đó, phôi thép, thép xây dựng, thép chất lượng cao là 5,5 triệu tấn, còn lại là cuộn cán nóng.
Kết thúc quý đầu năm, doanh nghiệp hoàn thành 22% mục tiêu doanh thu và đạt 28% kế hoạch lợi nhuận. Tính đến cuối tháng 3, tổng tài sản của ""ông lớn"" ngành thép gần 202.000 tỷ đồng, tăng hơn 7% so với đầu năm.
Quỳnh Trang",chứng khoán,VNexpress,N/A
Nhóm bluechip đè nặng lên VN-Index,"Thứ sáu, 10/5/2024, 15:54 (GMT+7)","Chỉ số đại diện sàn HoSE mở cửa trên tham chiếu, vượt mốc 1.250 điểm nhưng nhanh chóng rung lắc. Sau một tiếng đầu giao dịch, đồ thị chuyển sang sắc đỏ và duy trì đến cuối phiên.
Trong ngày, có lúc chỉ số này bị kéo về sát 1.237 điểm, tức thấp hơn 11 điểm so với hôm qua.
Về cuối phiên, chỉ số cải thiện, về gần sát tham chiếu trong phiên ATC. VN-Index đóng cửa ở 1.244,7 điểm, hạ gần 4 điểm.
Hơn một nửa cổ phiếu sàn HoSE sụt giá, trong khi vẫn ghi nhận gần một phần ba mã tăng. VN-Index giảm điểm chủ yếu do các mã bluechip.
Hôm nay VN30-Index cũng sụt 4 điểm, với 22 cổ phiếu đi lùi. Ảnh hưởng nặng nhất đến chỉ số chung là VCB, VHM, BID, VPB và VIC.
Nhìn rộng ra, bất động sản và ngân hàng là hai nhóm có diễn biến tiêu cực trong hôm nay. VHM, NVL và VRE cùng giảm 1,5%. Các mã vừa và nhỏ thuộc ngành địa ốc cũng sụt hơn 1%.
Ở bảng điện ngân hàng, SHB và VPB đóng cửa dưới tham chiếu 1,3%. Còn lại chủ yếu giảm dưới 1%.
Thị trường điều chỉnh khiến nhà đầu tư giao dịch thận trọng. Thanh khoản sàn HoSE đạt gần 16.300 tỷ đồng, thấp hơn hôm qua khoảng 3.700 tỷ. Khối ngoại bán ròng hơn 500 tỷ đồng, phiên thứ ba liên tiếp. Họ xả hàng chủ yếu ở các mã VHM, DGC, VPB.
Hôm nay là phiên thứ tư liên tiếp, VN-Index kiểm tra mốc 1.250 điểm và đều bất thành. Điều này cho thấy đây vẫn là ngưỡng cản mạnh cho thị trường hiện tại. Ngoài ra, chứng khoán cũng trong giai đoạn thiếu những động lực đủ tốt để giúp thị trường bứt phá.
Khuyến cáo chung của các đơn vị phân tích là nhà đầu tư hạn chế mua đuổi ở vùng giá hiện tại, thay vào đó nên quan sát và chờ cơ hội thích hợp.
Tất Đạt",chứng khoán,VNexpress,N/A
Chứng khoán đứt mạch tăng,"Thứ năm, 9/5/2024, 15:42 (GMT+7)","Chỉ số đại diện sàn HoSE mở cửa trong sắc xanh và duy trì trạng thái này trong gần hai tiếng đầu giao dịch. Thị trường ghi nhận điểm nhấn ở các cổ phiếu xuất khẩu, thủy sản, lúa gạo, có lúc tăng hơn 6 điểm so với tham chiếu.
Tuy nhiên lực bán xuất hiện dày đặc hơn trong một tiếng cuối phiên sáng, các mã bluechip chỉ còn giữ sắc xanh le lói. VN-Index bị kéo về dưới tham chiếu.
Sắc đỏ duy trì đến đầu phiên chiều. Sau đó, chỉ số này rung lắc liên tục quanh tham chiếu và đi ngang trong phiên ATC. Kết phiên, VN-Index giảm gần 2 điểm, về hơn 1.248,6 điểm.
Toàn sàn HoSE có 241 cổ phiếu giảm giá, 201 mã tăng. Chênh lệch giữa hai nhóm không quá cao. Chỉ số bị kéo xuống chủ yếu bởi các mã GAS, VCB, VNM. Trong khi ở chiều ngược lại, cổ phiếu BCM, HVN, CTG, VPB góp sức ngăn đà giảm điểm của thị trường.
Ngoài một số mã có vốn hóa lớn, thị trường bị ảnh hưởng nhiều bởi nhóm cổ phiếu chứng khoán. SSI, VIX, VCI, VND đều giảm từ 1% trở lên. Một số mã vừa và nhỏ còn sụt 2-3%.
Thanh khoản hôm nay giảm cùng điểm số. Tổng giá trị giao dịch trên thị trường TP HCM đạt hơn 20.000 tỷ đồng, kém hơn hôm qua khoảng 3.300 tỷ.
Như vậy, chứng khoán đã đảo chiều sau 6 phiên tăng liên tiếp. Diễn biến trên nằm trong dự đoán và cảnh báo của nhiều công ty chứng khoán đưa ra trước đó khi VN-Index đang kiểm tra ngưỡng kháng cự trung hạn 1.250 điểm. Thị trường sụt gần 2 điểm là biên độ nhỏ so với mức tích lũy gần 41 điểm của chuỗi tăng trước đó.
Tuy nhiên, điểm đáng chú ý là nhà đầu tư nước ngoài đã có phiên thứ hai liên tiếp xả hàng với giá trị bán ròng đều trên nghìn tỷ. Biên độ hôm nay đạt hơn 1.700 tỷ đồng, mức lớn nhất kể từ cuối tháng 3.
Trong đó, VHM là mã bị xả hàng nặng nề nhất với giá trị bán ròng hơn 1.200 tỷ đồng. Ngoài ra, khối ngoại còn xả hơn trăm tỷ ở DGC và VHC.
Tất Đạt",chứng khoán,VNexpress,N/A
Cổ phiếu Novaland giảm sàn,"Thứ tư, 8/5/2024, 15:55 (GMT+7)","Áp lực bán ra tăng nhanh từ đầu phiên hôm nay, sau khi VN-Index ghi nhận chuỗi 5 phiên tăng liên tiếp. Chỉ số của sàn HoSE mở cửa trong sắc đỏ, giảm gần 15 điểm sau vài phút.
Lực chốt lời tăng mạnh ở các nhóm cổ phiếu được chú ý, như chứng khoán, ngân hàng, bất động sản khiến chỉ số rơi với gia tốc nhanh. Thị trường có nhịp hồi lại trước giờ nghỉ trưa, rồi tiếp tục đảo chiều đi xuống. Phải tới ATC, dòng tiền bắt đáy vào mạnh hơn mới giúp VN-Index trở lại trên tham chiếu.
Chốt phiên, chỉ số của sàn HoSE tăng gần 2 điểm, lên 1250,46 điểm, nối dài mạch tăng lên phiên thứ 6 liên tiếp. VN30-Index không thay đổi, đứng lại mức 1.284,85 điểm.
Ở nhóm bất động sản, mã NVL của Novaland là cái tên được chú ý khi đóng cửa giảm sàn, với thanh khoản cả phiên hơn 70 triệu cổ phiếu được sang tay. Mã này giảm sàn trước những thông tin liên quan việc Cơ quan cảnh sát điều tra TP HCM yêu cầu Sở Tài nguyên và môi trường tỉnh Đồng Nai cung cấp hồ sơ, tài liệu liên quan đến khu đô thị Aqua City - một trong những dự án trọng điểm của Novaland. Lãnh đạo doanh nghiệp này cho biết nhận được yêu cầu xác minh thông tin và tích cực phối hợp với cơ quan điều tra để làm rõ.
Ngoài ra, trong rổ hàng lĩnh vực địa ốc, các mã SCR, PDR, DXG, HQC cũng khép phiên trong sắc đỏ.
Ngược lại, cổ phiếu thép, phân bón, dầu khí được dòng tiền hướng vào. HSG, NKG đóng cửa tăng gần 1%, các mã ""họ P"" tăng mạnh với PVS, PVC, PVD có thêm 3-5%.
HPG là cổ phiếu đóng góp nhiều nhất cho VN-Index với 0,8 điểm, khi mã này tăng gần 2%, lên 30.700 đồng. Ngược lại, VPB là cổ phiếu ghì chỉ số xuống nhiều nhất khi đóng cửa giảm 1,3%, xuống 18.550 đồng.
Trong nhóm VN30, ngân hàng, bất động sản, hàng không cũng đứng đầu đà giảm. Ngoài VPB, STB, VJC, MBB cũng đóng cửa mất hơn 1%. HDB, VIB, VRE, SSB, CTG, BID, VHM chốt phiên dưới tham chiếu.
Thanh khoản toàn thị trường đạt hơn 26.711 tỷ đồng, với thanh khoản trên sàn HoSE chiếm hơn 23.300 tỷ đồng, tăng hơn 6.000 tỷ đồng so với phiên trước. Nhà đầu tư nước ngoài hôm nay bán ròng hơn 1.200 tỷ đồng, cao nhất trong gần hai tháng.
Sàn HoSE có 204 cổ phiếu tăng giá, so với 233 mã giảm giá.
Minh Sơn",chứng khoán,VNexpress,N/A
Chứng khoán tăng 5 phiên liên tiếp,"Thứ ba, 7/5/2024, 15:51 (GMT+7)","Chỉ số đại diện sàn HoSE mở cửa tăng hơn 5 điểm rồi dần rung lắc khi tiệm cận vùng đỉnh cũ 1.250 điểm. VN-Index giữ sắc xanh đến cuối phiên sáng.
Sang nửa đầu buổi chiều là đà đi dưới 1.245 điểm, chỉ số này sau đó được hỗ trợ bởi lực cầu xuất hiện cuối phiên. VN-Index có lúc kiểm tra vùng 1.250 điểm nhưng bất thành. Chốt phiên, chỉ số của sàn TP HCM tăng hơn 7 điểm, lên khoảng 1.248,6 điểm.
Toàn sàn HoSE có 251 cổ phiếu tăng giá, nhiều hơn gần một nửa so với 178 cổ phiếu giảm. Riêng rổ VN30 có 16 mã xanh, trong đó nổi bật có PLX và VJC, giúp chỉ số đại diện tích lũy hơn 10 điểm.
Thị trường tiếp tục cải thiện chủ yếu bởi đà tăng của nhóm cổ phiếu vừa và nhỏ, tập trung ở nhóm du lịch - giải trí, viễn thông, công nghệ, tài nguyên và dầu khí. Trong khi ở nhóm vốn hóa lớn không xuất hiện ngành nào có chỉ số chung nổi bật mà chỉ một vài cổ phiếu riêng lẻ. Các mã HPG, FPT, VNM, GAS đóng góp mức tăng nhiều nhất cho VN-Index.
Ở chiều ngược lại, nhóm cổ phiếu ngân hàng gây nhiều ảnh hưởng tiêu cực. Bốn mã BID, CTG, TCB và MBB dẫn đầu top góp mức giảm lớn nhất cho chỉ số chung. Tuy nhiên nhìn chung các cổ phiếu ngân hàng mất giá không quá sâu, quanh 1% so với tham chiếu.
Thanh khoản hôm nay giảm gần 2.500 tỷ về hơn 18.400 tỷ đồng. Nhưng đây vẫn là mức cao thứ nhì trong chuỗi 5 phiên VN-Index cải thiện điểm số. Bên cạnh đó, thị trường TP HCM ghi nhận phiên thứ ba liên tiếp, khối ngoại ưu tiên gom hàng với biên độ 120 tỷ đồng. Nhóm này mua ròng hàng trăm tỷ ở các mã HPG, MWG và VNM.
Như vậy, sau 5 phiên cải thiện liên tiếp, VN-Index đang trở lại vùng giá trước phiên ""sập"" gần 60 điểm hồi giữa tháng 4. Thông thường khi tiếp cận các ngưỡng kháng cự trung hạn, thị trường dễ có khả năng xuất hiện rung lắc. Các công ty chứng khoán đều khuyến nghị nhà đầu tư nên quan sát kỹ lưỡng trước khi thực hiện giải ngân ngắn hạn. Tuy nhiên nhìn chung, các nhóm phân tích đều cho rằng thị trường đang trong giai đoạn tích lũy trung hạn.
Tất Đạt",chứng khoán,VNexpress,N/A
Chứng khoán LPBank thành cổ đông lớn của Công ty bầu Đức,"Thứ ba, 7/5/2024, 13:53 (GMT+7)","Thông tin vừa được Công ty cổ phần Chứng khoán LPBank gửi Sở Giao dịch Chứng khoán TP HCM (HoSE).
Sau giao dịch trên, Chứng khoán LPBank và người có liên quan đã nâng sở hữu lên 89,6 triệu cổ phiếu HAG, tương ứng 8,47% vốn điều lệ và thành nhóm cổ đông lớn tại Công ty cổ phần Hoàng Anh Gia Lai (HAG).
Cụ thể Chứng khoán LPBank sở hữu 50 triệu cổ phiếu, những người có liên quan đến công ty này đang nắm giữ lượng lớn cổ phiếu HAG còn lại như ông Lê Minh Tâm là 28 triệu, ông Nguyễn Đức Bình nắm 1,3 triệu, bà Trần Thị Thu Hương khoảng 5,65 triệu và bà Phạm Lê Thị Hồng Hoa sở hữu 4,68 triệu đơn vị.
Ngoài ra LPBank và nhóm cổ đông trên, Hoàng Anh Gia Lai cũng đã bán cho Công ty cổ phần Tập đoàn Thaigroup 52 triệu cổ phiếu với giá 10.000 đồng trong đợt phát hành riêng lẻ vừa qua, chiếm 4,92% vốn điều lệ.
Với số tiền thu được từ đợt chào bán là 1.300 tỷ, công ty bầu Đức sẽ sử dụng 346,7 tỷ đồng để mua lại trước hạn toàn bộ khoản nợ gốc và lãi trái phiếu do công ty phát hành ngày 18/6/2012, mã trái phiếu HAG2012.300. Số tiền còn lại dùng để cơ cấu nợ cho công ty con và bổ sung nguồn vốn lưu động.
Trong công bố thông tin bất thường hôm 7/5, Hoàng Anh Gia Lai cho biết vừa nhận được đơn xin từ nhiệm của ông Nguyễn Chí Thắng - thành viên Hội đồng quản trị và ông Lê Hồng Phong thành viên ban kiểm soát.
Quý I, công ty này đạt lợi nhuận sau thuế 226 tỷ đồng. Hiện, công ty vẫn còn lỗ lũy kế 1.452,4 tỷ đồng, bằng 15,7% vốn điều lệ (vốn điều lệ là 9.274,7 tỷ đồng).
Trên thị trường, cổ phiếu HAG đang tăng lên trên 13.100 đồng một cổ phiếu phiên ngày 7/5.
Thi Hà",chứng khoán,VNexpress,N/A
Con gái ông Bùi Thành Nhơn muốn bán hơn 9 triệu cổ phiếu NVL,"Thứ hai, 6/5/2024, 21:58 (GMT+7)","Thông tin này được nêu trong văn bản gửi Ủy ban Chứng khoán Nhà nước mới đây. Tính theo giá đóng cửa phiên 6/5, bà Bùi Cao Ngọc Quỳnh, con gái ông Nhơn có thể thu về khoảng 135,6 tỷ đồng.
Thời gian thực hiện giao dịch dự kiến từ ngày 9/5 đến ngày 6/6. Nếu bán thành công, tỷ lệ sở hữu của bà Quỳnh sẽ giảm từ 1,266% về 0,798%.
Thời gian qua, nhóm cổ đông liên quan ông Bùi Thành Nhơn cũng liên tục bán cổ phiếu Novaland. Cuối tháng 4, NovaGroup đăng ký bán hơn 9,4 triệu cổ phiếu NVL để cân đối danh mục đầu tư và hỗ trợ tái cơ cấu nợ. Hay cuối tháng 3, Diamond Properties bán thành công 4 triệu cổ phiếu để cân đối danh mục đầu tư.
Tính từ đầu năm đến nay, nhóm cổ đông liên quan ông Nhơn đã bán tổng cộng khoảng 33,7 triệu cổ phiếu NVL. Tổng tỷ lệ sở hữu của nhóm này giảm về quanh 40,2% dù họ từng nắm khoảng 60,85% vốn của Novaland vào giữa năm 2022.
Trong phiên họp thường niên cuối tháng 4, ông Dương Văn Bắc - Giám đốc Tài chính Novaland từng khẳng định ""không có bất kỳ cuộc tháo chạy nào"" dù nhóm cổ đông liên quan ông Nhơn liên tục bán cổ phiếu NVL.
""NovaGroup và ông Bùi Thành Nhơn đã quay lại trực tiếp điều hành Novaland, đúng với thông điệp từng tuyên bố là đối diện với khó khăn, thử thách, không né tránh"", ông Bắc chia sẻ.
Việc NovaGroup đăng ký bán số lượng lớn cổ phiếu NVL, theo lãnh đạo này, là hỗ trợ tái cơ cấu các khoản nợ của công ty. Trong đó, một lượng cổ phiếu đáng kể mà tập đoàn này nắm giữ bị bán giải chấp nhằm giữ đúng cam kết với trái chủ trong một số gói trái phiếu bán lẻ.
Năm nay, Novaland đặt mục tiêu doanh thu hợp nhất gần 32.600 tỷ đồng và lợi nhuận sau thuế gần 1.080 tỷ, tăng lần lượt gấp 7 lần và gấp đôi so với cùng kỳ. Các dự án tạo doanh thu thời gian tới là Aqua City, NovaWorld Phan Thiet, NovaWorld Ho Tram và các dự án nhà ở tại TP HCM. Dẫu vậy trong quý đầu năm, họ lỗ hơn 600 tỷ đồng vì chênh lệch tỷ giá.
Doanh nghiệp này tuyên bố về cơ bản đã hoàn thành tái cấu trúc các khoản nợ, trái phiếu trong và ngoài nước, tài sản vẫn cân đối với công nợ. Thời gian tới, họ dự kiến huy động 16.000 tỷ đồng để thi công hoàn thiện các dự án còn dang dở. Ngoài ra, NVL cũng cân nhắc và đàm phán với một số đối tác về chuyển nhượng một số dự án nhằm cơ cấu lại các khoản nợ, cải thiện danh mục đầu tư.
Tất Đạt",chứng khoán,VNexpress,N/A
Cổ phiếu hàng không 'cất cánh',"Thứ hai, 6/5/2024, 15:52 (GMT+7)","Sắc xanh bao trùm thị trường trong phiên đầu tuần này khi dòng tiền tích cực mua vào. VN-Index mở cửa trên tham chiếu, chững lại trong 15 phút đầu giờ, trước khi tăng liên tục.
Cổ phiếu bán lẻ, chứng khoán, hóa chất hay hàng không được kéo nhanh bởi lực mua vào quyết liệt. Những nhóm chiếm tỷ trọng cao trong rổ vốn hóa như ngân hàng, bất động sản giao dịch khởi sắc, giúp chỉ số nới rộng sắc xanh. VN-Index vượt qua vùng 1.230 điểm, phá vỡ ngưỡng 1.235 điểm, trước khi tiếp cận vùng 1.240 điểm vào cuối phiên chiều.
Chốt phiên, chỉ số của sàn HoSE dừng ở mức 1.241,58 điểm, tăng hơn 20 điểm (1,68%) và nối dài mạch tăng 4 phiên liên tiếp.
VN30-Index có thêm 19 điểm (1,51%), lên 1.274,62 điểm. Trên sàn Hà Nội, HNX-Index tăng 1,78%, còn UPCOM-Index có thêm gần 1%.
Thanh khoản toàn thị trường đạt hơn 23.800 tỷ đồng. Riêng sàn HoSE, thanh khoản gần 20.900 tỷ đồng, tăng hơn 4.700 tỷ đồng so với phiên trước. Nhà đầu tư nước ngoài hôm nay mua ròng hơn 240 tỷ đồng, phiên thứ hai liên tiếp.
Sàn HoSE có 390 cổ phiếu tăng giá và 76 cổ phiếu giảm giá.
Cổ phiếu nhóm hàng không khởi sắc trong phiên hôm nay. VJC, HVN cùng chốt phiên ở trạng thái ""trắng bảng bên bán"". Trong đó, cổ phiếu HVN hôm nay giao dịch hơn 1,9 triệu cổ phiếu, với dư mua giá trần cuối phiên hơn 5 triệu đơn vị.
Các nhóm khác như chứng khoán, bán lẻ hay hóa chất cũng đồng loạt tăng mạnh.
Trong nhóm chứng khoán, FTS, BSI, CTS đóng cửa tại mức giá trần, VIX, ORS có thêm gần 5%, VND, VCI tăng gần 4%. Với nhóm bán lẻ, MWG có thêm gần 5%, DGW tăng hơn 3%.
Trong nhóm vốn hóa lớn, BID là cổ phiếu đóng góp nhiều nhất cho VN-Index với 1,8 điểm khi mã này tăng 2,6%, lên 50.500 đồng. GVR có thêm hơn 6%, CTG, VIB, HPG, MBB, STB tăng trên 2%.
Minh Sơn",chứng khoán,VNexpress,N/A
Làm gì giữa lúc thị trường chứng khoán biến động?,"Thứ hai, 6/5/2024, 06:49 (GMT+7)","Trong tháng 4, VN-Index giảm gần 6% khi có đến 13 phiên điều chỉnh, căng thẳng nhất là hôm 15/4 rớt gần 60 điểm. Thị trường xuất hiện nhiều phiên sụt hàng chục điểm liên tiếp, nhiều cổ phiếu nằm sàn, kéo chỉ số về quanh 1.200 điểm. Các đơn vị phân tích và chuyên gia trong ngành cho rằng, VN-Index rung lắc khi chịu áp lực từ thị trường thế giới, bất ổn địa - chính trị, tâm lý chốt lời, biến động ở các kênh đầu tư khác... Hai yếu tố tác động lớn hơn cả là tỷ giá tăng và khối ngoại bán ròng.
Trong hội thảo về chứng khoán ngày 4/5 do Công ty quản lý Quỹ Thành Công (TCAM) tổ chức, nhiều nhà đầu tư đặt câu hỏi về cách phản ứng khi thị trường biến động.
Trả lời vấn đề này, ông Nguyễn Đông Hải - Phó chủ tịch Hội đồng quản trị Công ty chứng khoán Thành Công (TCSC) - đề cập hai nhóm chịu ảnh hưởng ít nhất. Thứ nhất là những ai ""đánh hơi"" được xu hướng điều chỉnh. Từ đó, họ cơ cấu lại danh mục và đưa tài sản về những chỗ an toàn hơn. Thứ hai là nhóm nhà đầu tư có khẩu vị hướng về những cổ phiếu có nền tảng tốt, cổ tức cao. Khi thị trường giảm giá, ít nhất họ vẫn nhận lãi từ việc chia cổ tức.
""Bên cạnh tìm cách né những đợt sụt giảm của thị trường, cơ cấu danh mục cũng đóng vai trò quan trọng"", ông Hải nói thêm.
Trong 5 năm gần đây, danh mục đầu tư do TCAM quản lý đạt tỷ suất lợi nhuận trung bình khoảng 20% mỗi năm, cao hơn mức bình quân 5% mỗi năm của VN-Index. Một trong những chiến lược họ theo đuổi là cô đặc cổ phiếu thay vì đầu tư dàn trải. Ông Hải nói, nếu danh mục quá rộng, hiệu suất đầu tư nhiều khả năng chỉ tương đương với VN-Index. Ngược lại, nếu danh mục cô đặc hơn, nhà đầu tư có nhiều cơ hội tìm kiếm các cổ phiếu đạt hiệu suất tốt trên thị trường và cũng dễ quản trị hơn.
Giữ tỷ trọng an toàn và tập trung cơ cấu lại danh mục cũng là lời khuyên chung của nhiều đơn vị. Trong báo cáo mới đây, Chứng khoán BIDV (BSC) cho rằng thị trường sẽ bước vào vùng trũng thông tin trong vài tuần tới. Họ khuyến nghị nhà đầu tư cần cẩn trọng giao dịch mới, tranh thủ những phiên tăng điểm để giảm bớt tỷ lệ nắm giữ về mức an toàn.
Còn Chứng khoán VPS khuyến nghị giai đoạn này, nhà đầu tư nên chú ý quản lý danh mục hơn là việc dự báo xem thị trường có giảm thêm không. Lý do là nếu danh mục an toàn, việc thị trường giảm thêm cũng không ảnh hưởng quá lớn đến tâm lý.
Ngoài việc phòng thủ, các chuyên gia TCAM cho rằng hiện tại sẽ là cơ hội tốt để tiến công. Theo quan điểm của họ, Fed sẽ hạ lãi suất trong năm nay vì lạm phát có dấu hiệu nhích lên nhưng so với một năm gần đây đã hạ nhiệt rất nhiều, các số liệu vĩ mô đang cho thấy kinh tế Mỹ đang giảm tốc.
""Nếu chúng ta đợi đến khi Mỹ giảm lãi suất mới xuống tiền đầu tư thì sẽ bỏ lỡ cơ hội tốt"", ông Hải nói.
Tương tự, ông Hồ Quốc Bình - Trưởng phòng Quản lý danh mục đầu tư TCAM, cũng cho rằng hiện tại là thời điểm thích hợp để mua vào cổ phiếu. Trước hết, định giá thị trường đang còn thấp, P/E (thị giá trên thu nhập mỗi cổ phiếu) chỉ quanh 12,7 lần, so với P/E bình quân từ năm 2010 đến nay là 15 lần. Xét theo P/B (thị giá trên giá trị sổ sách), định giá cũng đang tiệm cận mức đáy 10 năm qua, khoảng 1,69 lần.
Nếu đầu tư vào thời điểm thị trường còn định giá thấp, khi kinh tế phục hồi và lợi nhuận doanh nghiệp tăng lên, hiệu suất mang lại sẽ rất hấp dẫn. Năm nay TCAM dự báo mức tăng trưởng lợi nhuận doanh nghiệp bình quân đạt khoảng 20% khi xuất khẩu phục hồi, FDI đổ về ngày càng cao, sức cầu dần cải thiện và đầu tư công được đẩy mạnh.
Tuy nhiên, ông nhấn mạnh việc xuống tiền phải có chọn lọc. Đơn vị này khuyên nhà đầu tư nên tìm hiểu và ưu tiên những cổ phiếu có sức khỏe tài chính tốt, nhiều triển vọng tăng trưởng. TCAM gợi ý một số nhóm ngành đáng chú ý thời gian tới gồm ngân hàng, xuất nhập khẩu, bán lẻ, vật liệu, bất động sản khu công nghiệp, công nghệ, đặc biệt là nhóm cổ phiếu có định giá rẻ nhưng trả cổ tức cao.
Không chỉ TCAM, các đơn vị khác duy trì quan điểm lạc quan về triển vọng thị trường năm nay. Dragon Capital cho rằng đầu tư cổ phiếu vẫn hấp dẫn trước tín hiệu hồi phục kinh doanh của doanh nghiệp, lãi suất có xu hướng tăng nhưng chính sách chung vẫn sẽ giữ ở mức nền thấp để hỗ trợ nền kinh tế.
Chia sẻ trong đại hội nhà đầu tư mới đây, Công ty quản lý quỹ Vietcombank (VCBF) cho rằng VN-Index có nhiều tiềm năng nhờ bộ ba chỉ báo triển vọng kinh tế, lợi nhuận doanh nghiệp và lãi suất duy trì nền thấp. Họ khuyên nhà đầu tư nên đi theo chiến lược xây dựng danh mục đa dạng để có thể tạo ra mức lợi nhuận hấp dẫn.
Tất Đạt",chứng khoán,VNexpress,https://i1-kinhdoanh.vnecdn.net/2024/05/04/CG2A9235-8643-1714820772.jpg?w=680&h=0&q=100&dpr=1&fit=crop&s=gsOJnZMlL9jXyrxRcDv1oA
Doanh nghiệp thu gần 4 tỷ đồng mỗi ngày từ lãi gửi ngân hàng,"Chủ nhật, 5/5/2024, 19:00 (GMT+7)","Báo cáo tài chính hợp nhất quý I của Công ty cổ phần Lọc hóa dầu Bình Sơn (BSR) vừa công bố, cho thấy doanh nghiệp đang nắm giữ 21.812 tỷ đồng tiền mặt và hơn 18.500 tỷ đồng dùng để đầu tư tài chính. Đây là khoản tiền được doanh nghiệp gửi ngân hàng kỳ hạn ba tháng đến một năm để hưởng lãi suất.
Quý I năm nay, số tiền gửi này đã mang về cho công ty gần 346 tỷ đồng tiền lãi, tức mỗi ngày doanh nghiệp này có khoảng 4 tỷ đồng. Mức này thấp hơn 18% so với cùng kỳ năm ngoái.
Lãi tiền gửi giảm nhưng theo báo cáo tài chính của Lọc hóa dầu Bình Sơn, khoản thu này đóng góp đáng kể vào kết quả kinh doanh của công ty trong bối cảnh biên lợi nhuận gộp giảm.
Báo cáo cho thấy doanh thu quý I công ty đạt 30.689 tỷ đồng, giảm gần 10% so với cùng kỳ năm trước. Sau khi trừ giá vốn, công ty lãi gộp 1.255 tỷ đồng trong quý đầu năm, giảm 39%.
Kết quả kinh doanh giảm là vì doanh thu hoạt động tài chính của Lọc hóa dầu Bình Sơn đạt 520 tỷ đồng, giảm gần 36% so với cùng kỳ năm ngoái. Chi phí lãi vay giảm gần 60% còn 256 tỷ đồng do chi phí lãi vay và khoản lỗ chênh lệch tỷ giá giảm. Trong kỳ, công ty lỗ ròng hơn 30 tỷ đồng do tỷ giá.
Tính đến ngày 30/3, hàng tồn kho của doanh nghiệp giảm 47,1%. Vốn chủ sở hữu đạt mức 58.040 tỷ đồng, trong đó có 17.140 tỷ đồng lợi nhuận sau thuế chưa phân phối. Tổng nợ vay tài chính của công ty ở mức 8.567 tỷ đồng với toàn bộ là nợ ngắn hạn.
BSR đặt mục tiêu sản lượng sản xuất năm 2024 đạt hơn 5,7 triệu tấn, sản lượng tiêu thụ hơn 5,66 triệu tấn, tổng doanh thu hợp nhất 94.974 tỷ đồng, lợi nhuận trước thuế 991 tỷ đồng. Các chỉ tiêu này được xây dựng theo phương án giá dầu thô đạt 70 USD một thùng.
BSR cũng đang tiếp tục tháo gỡ các vướng mắc, dự kiến niêm yết trên HSX trong năm nay. Công ty cũng dự kiến huy động vốn cho dự án nâng cấp, mở rộng nhà máy lọc dầu Dung Quất.
Kết phiên giao dịch ngày 3/5, cổ phiếu BSR tăng 1,1% lên 18.200 đồng.
Thi Hà",chứng khoán,VNexpress,https://i1-kinhdoanh.vnecdn.net/2024/05/05/1-jpeg-8988-1714893244.jpg?w=680&h=0&q=100&dpr=1&fit=crop&s=yax15x0qamFYWIf-alzPOQ
Khối ngoại quay lại mua ròng,"Thứ sáu, 3/5/2024, 15:45 (GMT+7)","Thanh khoản chứng khoán được cải thiện trong hôm nay, thoát mạch ì ạch quanh 14.000-15.000 tỷ đồng ở ba phiên trước đó. Tuy nhiên trong hầu hết thời gian giao dịch, thanh khoản sàn HoSE thấp hơn so với hôm qua. Chỉ sau 14h, nhà đầu tư mới tham gia sôi nổi hơn giúp tổng giá trị giao dịch chốt trên 17.000 tỷ đồng, tăng 2.600 tỷ.
Điểm sáng trong hôm nay là khối ngoại mua ròng hơn 550 tỷ đồng. Họ đảo chiều giao dịch chỉ sau phiên xả hàng gần 900 tỷ hôm qua. Lượng mua ròng kể trên đạt mức lớn nhất kể từ ngày 19/4. Nhà đầu tư nước ngoài tập trung giải ngân ở MWG, PDR, VRE, VCB. Đây cũng là các mã có mức tăng thị giá tốt so với mặt bằng chung thị trường.
Không chỉ thanh khoản cải thiện, chỉ số VN-Index hôm nay cũng tăng gần 5 điểm. Chỉ số này giữ sắc xanh cả ngày, có lúc đi trên tham chiếu hơn 9 điểm. Tuy nhiên gần cuối phiên, áp lực bán dần xuất hiện nhiều hơn đã đẩy chỉ số đại diện sàn HoSE đóng cửa ở 1.221 điểm.
Toàn sàn có 223 cổ phiếu tăng, 200 cổ phiếu giảm. Chênh lệch giữa hai nhóm không quá cao cho thấy xu hướng tích lũy của thị trường chưa vững chắc. Tuy nhiên nhìn chung sau khi hồi phục và lấy lại mốc hỗ trợ tâm lý quan trọng 1.200 điểm, chứng khoán đã có ba phiên tăng điểm liên tiếp và đang trở lại vùng giá hồi giữa tháng 4.
Đóng góp nhiều nhất cho VN-Index hôm nay là các mã TCB, VCB, VHN, MSN, HDB. Ngược lại, cổ phiếu GVR, FPT, LPB, NVL lại tạo ra ảnh hưởng tiêu cực.
Trong các nhóm dẫn dắt dòng tiền, ngân hàng có diễn biến khả quan nhất. Còn hai nhóm bất động sản và chứng khoán lại có sắc đỏ xuất hiện nhiều hơn trên bảng điện.
Tất Đạt",chứng khoán,VNexpress,N/A
Thanh khoản chứng khoán giảm sau nghỉ lễ,"Thứ năm, 2/5/2024, 15:30 (GMT+7)","Phiên giao dịch đầu tiên sau chuỗi ngày nghỉ lễ kéo dài, nhà đầu tư phần lớn giao dịch với tâm lý thăm dò. Thanh khoản thị trường trong buổi sáng gần như tương đương với phiên trước nghỉ lễ, đạt gần 7.255 tỷ đồng. Giao dịch ảm đạm hơn vào phiên chiều.
Tổng giá trị giao dịch khi chốt phiên hôm nay ở mức gần 14.400 tỷ đồng, thấp hơn khoảng 1.100 tỷ so với cuối tuần trước.
VN-Index rung lắc trong khoảng 30 phút đầu giờ giao dịch. Sau đó, sắc xanh được phủ trên đồ thị, chỉ số này kiểm tra lại mốc 1.215 điểm nhưng không thành công. Cuối buổi sáng, áp lực bán tăng dần, chỉ số bị kéo về dưới tham chiếu.
Đầu giờ chiều, sắc đỏ vẫn lấn át khiến chỉ số đại diện sàn HoSE bị nhuộm cùng màu rồi dần chuyển sang giằng co quanh tham chiếu. Đến gần 14h, chỉ số mới quay lại sắc xanh và có mạch tích lũy liên tục.
VN-Index đóng cửa ở hơn 1.216 điểm, tăng gần 7 điểm so với trước nghỉ lễ. Toàn sàn HoSE có 268 mã tăng, nhiều hơn 38% so với 194 cổ phiếu giảm.
Hôm nay VN30-Index cũng tăng gần 7 điểm với 19 cổ phiếu xanh. Thị trường Hà Nội và UPCoM cũng chốt phiên tích lũy thêm điểm số. Đóng góp tích cực nhất cho thị trường là các mã riêng lẻ ở từng ngành như FPT, VCB, SAB, BCM, VHM...
Ngoài ra, các nhà đầu tư còn chú ý đến MWG khi cổ phiếu này dẫn đầu thanh khoản với gần 1.220 tỷ đồng. Mã chứng khoán của Thế Giới Di Động đóng cửa cao hơn tham chiếu 1,3% sau khi công bố mức lãi đột biến hơn 900 tỷ đồng trong quý đầu năm.
Ở chiều ngược lại, nhóm cổ phiếu chứng khoán là nhân tố chính làm VN-Index rung lắc. HCM đóng cửa giảm 2,6%. Các mã SSI, VCI, VND, CTS sụt 1,4-1,7% so với tham chiếu. Nhóm vốn hóa vừa và nhỏ giảm quanh 1%.
Sau thông tin Cục Dự trữ liên bang Mỹ (Fed) giữ nguyên lãi suất, nhà đầu tư nước ngoài quay trở lại bán ròng dù phiên cuối tuần trước họ ưu tiên gom hàng trên sàn HoSE. Khối ngoại hôm nay bán ròng hơn 910 tỷ đồng, mức cao nhất kể từ ngày 17/4. Họ tập trung xả hàng các mã BWE, SSI, CTG, DIG.
Tất Đạt",chứng khoán,VNexpress,N/A
"Một doanh nghiệp lãi 3,5 tỷ mỗi tháng nhờ bán nha đam, thạch dừa","Chủ nhật, 28/4/2024, 09:00 (GMT+7)","Báo cáo tài chính hợp nhất quý I của Công ty cổ phần thực phẩm G.C (GC Food) cho thấy doanh thu thuần đạt gần 119 tỷ đồng, lợi nhuận trước thuế 10,5 tỷ đồng, lần lượt tăng 9,4% và 20,8% so với cùng kỳ năm ngoái. Đây cũng là mức lợi nhuận quý I cao kỷ lục từ khi doanh nghiệp công bố báo cáo tài chính đến nay.
Ông Nguyễn Văn Thứ - Chủ tịch Hội đồng quản trị GC Food, cho hay nguyên nhân khiến doanh thu đi lên là nhờ sản lượng tăng. Lãi trước thuế tăng mạnh so với cùng kỳ là do doanh thu tăng trưởng, biên lợi nhuận gộp của thạch dừa và nha đam tăng. Ngoài ra, chi phí tài chính giảm nhờ lãi suất điều chỉnh.
Chia sẻ tại đại hội cổ đông đầu tháng 4, ông Thứ cho biết công ty đã có nhiều thay đổi khi đẩy mạnh phát triển bền vững, làm chủ vùng nguyên liệu lớn. Doanh nghiệp cũng đã nghiên cứu cấy mô cây nha đam trong phòng LAP, ươm giống cây cấy mô f1. Mỗi năm, GC Food cung cấp ra hàng chục triệu cây nha đam cấy mô cho nông dân, góp phần giảm chi phí giá nguyên liệu. Ngoài ra, 2 nhà máy chế biến thạch dừa và nha đam của công ty này đang được mở rộng và nâng công suất gấp đôi.
Năm nay, các khách hàng chủ lực của công ty ngoài giữ sản lượng, nhiều doanh nghiệp còn tăng mua trên 10% so với cùng kỳ.
Về kế hoạch mở rộng thị phần, công ty sẽ xuất khẩu sang các quốc gia tiềm năng có dân số lớn, giới trẻ chiếm trên 40% như Trung Quốc, Ấn Độ, Indonesia, Malaysia.
Kế hoạch 2024-2026, công ty định hướng phát triển công ty công nghệ cao, kiểm soát 100% được chuỗi cung ứng từ nguyên liệu đầu vào cho tới sản xuất. Mục tiêu đạt tăng trưởng kép 30% từ nay tới 2028. Dần hoàn thiện vùng nguyên liệu nha đam với diện tích lên 500 ha.
Công ty lên mục tiêu doanh thu 2024 hơn 572 tỷ đồng, lợi nhuận 52,3 tỷ lần lượt tăng 20,6% và 100% so với cùng kỳ 2023.
G.C Food gia nhập ngành nha đam, thạch dừa hơn 10 năm, là doanh nghiệp sản xuất mặt hàng này dẫn đầu thị trường Việt Nam với sản lượng hơn 20.000 tấn một năm, có mặt ở 19 quốc gia trên thế giới, thường được mệnh danh là ""vua nha đam"".
Công ty sở hữu nhà máy chế biến nha đam Vietfarm (Ninh Thuận) với công suất 35.000 tấn lá tươi mỗi năm, cho ra 15.000 tấn thành phẩm và nhà máy thạch dừa Vinacoco (Đồng Nai) với công suất khoảng 12.000 tấn thành phẩm một năm.
Thi Hà",chứng khoán,VNexpress,https://i1-kinhdoanh.vnecdn.net/2024/04/27/1anh-jpeg-4117-1714203058.jpg?w=680&h=0&q=100&dpr=1&fit=crop&s=jXJhpxciYBathCpscZRgFA
"Chứng khoán 'xanh vỏ, đỏ lòng' trước nghỉ lễ","Thứ sáu, 26/4/2024, 15:49 (GMT+7)","Chỉ số đại diện sàn HoSE mở cửa đi dưới tham chiếu nhưng nhanh chóng vực dậy. Các mã ngân hàng và bất động sản có diễn biến tốt giúp kéo chỉ số tăng từng phút, có lúc tăng gần 12 điểm so với tham chiếu. Tuy nhiên, áp lực bán gia tăng, nhất là nhóm chứng khoán, khiến sắc đỏ xuất hiện nhiều hơn trên bảng điện và kéo hạ độ cao của VN-Index.
Sang buổi chiều, thị trường rung lắc liên tục với dòng tiền đổ vào cao hơn cùng kỳ phiên trước. Sau hồi giằng co, lực cầu bắt đáy ở vùng 1.200 điểm thắng thế giúp chỉ số cải thiện. VN-Index đóng cửa ở mức hơn 1.209,5 điểm.
Thị trường rơi vào tình trạng ""xanh vỏ, đỏ lòng"" khi có 227 mã giảm giá và 209 mã tăng. Tuy nhiên mức chênh lệch này không quá cao.
Đóng góp cho chỉ số nhiều nhất là VIC cùng các cổ phiếu HDB, GVR, MWG, TCB.
Trong khi đó, VN30-Index chốt phiên tăng gần 7 điểm với lượng cổ phiếu tăng và giảm bằng nhau. Sàn Hà Nội đi lùi, còn UPCoM đóng cửa trong sắc xanh.
Ở ba nhóm hút dòng tiền nhiều nhất, bất động sản và chứng khoán có diễn biến tích cực. Còn nhóm cổ phiếu chứng khoán lại xấu đi.
VIC là mã tăng mạnh nhất trong nhóm cổ phiếu địa ốc đạt thanh khoản trăm tỷ. Mã chứng khoán của Vingroup chốt ở mức cao hơn 5,8% so với tham chiếu. Các cổ phiếu khác chủ yếu tăng quanh 1%, riêng NVL và VHM chỉ nhích nhẹ.
HDB dẫn đầu đà tăng ở nhóm cổ phiếu ngân hàng có thanh khoản trăm tỷ khi tích lũy 4,9%. Trừ SHB tăng 3,2% so với tham chiếu, các mã còn lại như TCB, VCB, ACB, LPB đều cải thiện dưới 1% về thị giá.
Sắc đỏ chiếm phần lớn bảng điện ngành chứng khoán. VIX và VND giảm lần lượt 1,5% và 1,7%. Trong khi nhóm có vốn hóa vừa và nhỏ sụt mạnh hơn.
Thanh khoản hôm nay cải thiện khoảng 1.300 tỷ lên gần 15.500 tỷ đồng. Đây là mức thấp thứ nhì trong vòng hai tháng qua. Điểm sáng là khối ngoại trở lại mua ròng hơn 100 tỷ đồng sau bốn phiên ưu tiên xả hàng. Họ tập trung mua MWG, PVS, VCB, MSN.
Tất Đạt",chứng khoán,VNexpress,N/A
Hệ thống giao dịch chứng khoán mới KRX tiếp tục trễ hẹn,"Thứ sáu, 26/4/2024, 09:40 (GMT+7)","Trong văn bản mới đây, Ủy ban Chứng khoán Nhà nước cho biết các điều kiện để vận hành hệ thống công nghệ thông tin mới (KRX) theo đề nghị của Sở Giao dịch chứng khoán TP HCM (HoSE) chưa đảm bảo.
Cụ thể, HoSE chưa báo cáo Bộ Tài chính, Sở Giao dịch chứng khoán Việt Nam (VNX). Các đơn vị thụ hưởng gồm Sở Giao dịch chứng khoán Hà Nội (HNX) và Tổng công ty Lưu ký và Bù trừ chứng khoán (VSDC) cũng chưa có ý kiến về việc vận hành KRX. Ủy ban Chứng khoán Nhà nước cho rằng việc này là không đảm bảo tuân thủ quy định.
Bên cạnh đó, hệ thống công nghệ thông tin mới thiếu biên bản nghiệm thu tổng thể giữa chủ đầu tư, nhà thầu và các đơn vị thụ hưởng (HNX và VSDC). Báo cáo của HoSE gửi Ủy ban cũng không thể hiện rằng hệ thống đã được đơn vị chủ quản phê duyệt cấp độ an toàn thông tin.
Về phía công ty chứng khoán thành viên, theo Ủy ban Chứng khoán Nhà nước họ cũng chưa sẵn sàng kết nối, đảm bảo khả năng cung cấp dịch vụ giao dịch cho nhà đầu tư.
Do đó, hệ thống giao dịch mới KRX chưa thể vận hành vào 2/5 như dự kiến từ HoSE. Thay vào đó, Ủy ban Chứng khoán Nhà nước đề nghị HoSE, HNX và VSDC đảm bảo hệ thống giao dịch, đăng ký, lưu ký, thanh toán bù trừ hiện tại vận hành ổn định, thông suốt.
KRX là hệ thống công nghệ thông tin do Sở Giao dịch chứng khoán Hàn Quốc (KRX) thiết kế. Hệ thống này cung cấp nhiều tiện ích mới, nổi bật nhất là hỗ trợ nhà đầu tư giao dịch lô lẻ trên một bảng riêng và thực hiện mua - bán cổ phiếu trong ngày (T+0). Điều này có thể thu hút thêm nhiều nhà đầu tư tham gia thị trường, từ đó tăng thanh khoản. KRX cũng được nhiều công ty chứng khoán, đơn vị phân tích và quỹ đầu tư tin rằng sẽ hỗ trợ nâng hạng thị trường chứng khoán Việt Nam.
Gói thầu thiết kế, cung cấp lắp đặt và chuyển giao hệ thống công nghệ thông tin được HoSE ký với KRX năm 2012, trị giá 600 tỷ đồng. Ban đầu, HoSE dự kiến hoàn thành năm 2021 nhưng sau đó liên tục lỗi hẹn.
Từ đầu năm đến nay, Sở đã ba lần chạy thử hệ thống. Thời gian qua, những thông tin về các lần thử nghiệm và hứa hẹn vận hành đã trở thành động lực lớn đẩy giá cổ phiếu nhóm ngành chứng khoán và cả chỉ số chung tăng lên đáng kể.
Tất Đạt",chứng khoán,VNexpress,N/A
Thanh khoản chứng khoán thấp nhất gần hai tháng,"Thứ năm, 25/4/2024, 15:47 (GMT+7)","Giao dịch chứng khoán hôm nay ảm đạm khi nhà đầu tư chủ yếu chọn đứng ngoài thị trường. Tâm lý này diễn ra sau nhiều phiên VN-Index biến động mạnh, tăng giảm luân phiên khiến nhà đầu tư khó đoán định xu hướng ngắn hạn. Ngoài ra, kỳ nghỉ lễ dài ngày đang đến gần cũng khiến nhiều người chọn nghỉ ngơi, đợi giao dịch sau lễ.
Trong buổi sáng, sàn HoSE không có cổ phiếu nào mang tính dẫn dắt. Dòng tiền nhà đầu tư chủ yếu hướng về nhóm vừa và nhỏ để tìm cơ hội cũng khiến thanh khoản hạ thấp. Trước giờ nghỉ trưa, thanh khoản thị trường TP HCM chỉ hơn 5.600 tỷ, thấp hơn 1.500 tỷ so với cùng kỳ phiên hôm qua.
Sang buổi chiều, nhà đầu tư giao dịch nhiều hơn nhưng thanh khoản vẫn đi dưới so với phiên hôm trước. Thị trường chỉ xuất hiện một số mã riêng lẻ có thể hút dòng tiền như MWG, FPT, MSN, GEX. Chốt phiên, sàn HoSE ghi nhận gần 14.200 tỷ đồng giá trị giao dịch, giảm gần 5.700 tỷ so với hôm qua. Đây là mức thanh khoản thấp nhất kể từ cuối tháng 1, tức gần hai tháng qua.
Thị trường ảm đạm khiến VN-Index ít biến động so với các phiên trước đây. Chỉ số này hầu như giằng co quanh tham chiếu cả ngày trước khi chốt ở sát 1.205 điểm, giảm hơn 0,6 điểm so với hôm qua.
Toàn sàn HoSE có 293 mã giảm giá, trong khi có 166 mã tăng. Tác động tiêu cực đến thị trường nhiều nhất là bộ ba cổ phiếu ngân hàng TCB, BID và MBB. Ở chiều ngược lại, các mã FPT, VCB và MWG góp sức nâng đỡ chỉ số chung.
Hôm nay nhà đầu tư nước ngoài có phiên bán ròng thứ tư liên tiếp với biên độ hơn 460 tỷ đồng. Họ tập trung xả mạnh quỹ FUEVFVND của Dragon Capital và FUESSVFL của SSIAM. Ngoài ra, các mã DIG, GAS, GEX, HDB cũng trong nhóm bán ròng mạnh.
Tất Đạt",chứng khoán,VNexpress,N/A
Nhóm bluechip kéo VN-Index trở lại mốc 1.200 điểm,"Thứ tư, 24/4/2024, 15:41 (GMT+7)","Phiên giảm điểm hôm qua không khiến trạng thái thị trường xấu đi. Ngược lại, chứng khoán tích cực ngay từ đầu giờ hôm nay. VN-Index vượt lên trên tham chiếu, tăng liên tục cho tới khi đóng cửa.
Dòng tiền ban đầu nhập cuộc với sự dè dặt, thận trọng sau nhiều phiên biến động trước đó. Tuy nhiên, khi lực bán có dấu hiệu yếu dần, bên mua nhanh chóng làm chủ thị trường.
Thanh khoản không tăng đột biến nhưng giá nhiều cổ phiếu được kéo nhanh khi dòng tiền mua quyết liệt hơn, trong khi lực bán không quá mạnh. VN-Index nới rộng sắc xanh lên hơn 10 điểm vào cuối giờ sáng và trên 20 điểm vào giữa phiên chiều.
Đóng cửa, chỉ số của sàn HoSE dừng ở mức 1.205,61 điểm, tăng 28,2 điểm (2,4%) so với phiên trước. VN30-Index có thêm 31,8 điểm (2,65%), đạt 1.232,17 điểm.
Trên sàn Hà Nội, HNX-Index và UPCOM-Index cùng giữ sắc xanh.
Thanh khoản toàn thị trường đạt hơn 21.800 tỷ đồng, trong đó HoSE chiếm gần 91% (trên19.800 tỷ). Sàn HoSE có 435 cổ phiếu tăng giá, so với 69 mã giảm.
Công nghệ là nhóm ngành tăng mạnh nhất hôm nay, với 6,2%. Trong đó, FPT là cổ phiếu đóng góp nhiều nhất cho VN-Index với 2,4 điểm, khi mã này tăng kịch trần lên 120.100 đồng.
Thông tin hợp tác cùng Nvidia giúp cổ phiếu FPT vượt đỉnh lịch sử với thanh khoản tăng vọt. Tổng giá trị giao dịch của mã chứng khoán này phiên hôm nay đạt hơn 1.200 tỷ đồng, đứng đầu HoSE.
Ngoài FPT, các mã khác trong VN30 cũng giao dịch khởi sắc. GVR chốt phiên ở mức trần, MWG tăng hơn 5%, CTG, HPG, TPB thêm 4%, BCM, MSN, SSI là 3%.
Nhóm cổ phiếu chứng khoán, bán lẻ hay hóa chất cũng là tâm điểm chú ý ở nhóm mid-cap. Trong nhóm chứng khoán, VND tăng 6%, CTS, BVS, HCM quanh ngưỡng 5%, MBS, VCI, VIX thêm trên 4%.
Cổ phiếu bất động sản cũng đi lên. NBB, PDR, KSB, DIG tăng kịch trần; NVL, SCR, DXS trên 5%.
Khác với sự hưng phấn của thị trường, nhà đầu tư nước ngoài hôm nay bán ròng hơn 240 tỷ đồng. Đây là phiên thứ 3 liên tiếp nhóm này bán ròng.
Minh Sơn",chứng khoán,VNexpress,N/A
VN-Index giảm gần 13 điểm,"Thứ ba, 23/4/2024, 15:41 (GMT+7)","Trong giờ giao dịch đầu ngày, VN-Index giằng co liên tục quanh tham chiếu khi nhà đầu tư tham gia thị trường với tâm lý thăm dò là chủ yếu. Sau 10h, chỉ số này mới phủ sắc đỏ liên tục nhưng giữ khoảng cách không quá xa so với tham chiếu. Thị trường chỉ xuất hiện lác đác mã vừa và nhỏ giữ sắc xanh.
Sang đầu buổi chiều, chỉ số đại diện sàn HoSE tiếp tục giảm khoảng 5-8 điểm so với hôm qua. Tuy nhiên thị trường xuất hiện lực bán dày đặc hơn. Sau 14h, chỉ số này mất mốc 1.180 điểm - ngưỡng hỗ trợ được giữ rất tốt từ lúc mở cửa đến thời điểm đó. VN-Index lần lượt rơi xuống các vùng thấp hơn, có lúc về sát 1.170 điểm, tức giảm gần 20 điểm so với tham chiếu.
Sau phiên ATC, thị trường có sự cải thiện. VN-Index chốt ở 1.177,4 điểm, giảm gần 13 điểm so với hôm qua.
Toàn sàn HoSE có 360 cổ phiếu giảm giá, nhiều gấp ba lần so với 117 mã giữ sắc xanh. Các cổ phiếu ảnh hưởng xấu đến thị trường là VHM, GVR, CTG, BID, VIC.
Tính theo ngành, chứng khoán và bất động sản là hai nhóm có diễn biến tiêu cực nhất. AGR hạ về giá sàn, trong khi CTS sụt 5,5%. Các mã có thanh khoản lớn hơn thuộc nhóm chứng khoán như SSI, VIX, VCI, VND, MBS... giảm quanh 1,7-3,6%.
Bất động sản cũng có nhiều mã giảm sàn, nổi bật nhất là QCG. Ngoài ra, PDR hôm nay giảm 5,1%. Các mã DIG, TCH, CEO cùng giảm trên 4%. Nhóm còn lại chủ yếu điều chỉnh với biên độ 2-3%.
Thanh khoản hôm nay cũng tăng nhẹ khoảng 1.500 tỷ so với phiên trước, đạt gần 17.500 tỷ đồng. Đây là phiên thứ hai liên tiếp, thị trường TP HCM ghi nhận giá trị giao dịch dưới 20.000 tỷ, mức này chỉ tương đương hơn một nửa so với đợt sụt giảm gần 60 điểm hôm 15/4.
Nhà đầu tư nước ngoài tiếp tục duy trì đà bán ròng ở phiên thứ hai với gần 300 tỷ đồng. Họ tập trung xả các mã VHM, DIG, MSN, VND, SHB.
Tất Đạt",chứng khoán,VNexpress,N/A
Lãi sau thuế của Chứng khoán DNSE tăng 78%,"Thứ ba, 23/4/2024, 09:00 (GMT+7)","Theo báo cáo tài chính quý 1/2024, DNSE đạt doanh thu 181,5 tỷ đồng, tăng hơn 31 tỷ đồng. Doanh thu hoạt động cao chủ yếu nhờ doanh thu nghiệp vụ môi giới chứng khoán, tăng hơn 19,6 tỷ đồng.
Doanh nghiệp này cũng ghi nhận trong ba tháng đầu năm chi phí hoạt động kinh doanh giảm 27,8 tỷ, tức 36% so với cùng kỳ năm 2023. Trong đó, chi phí dự phòng tài sản tài chính và chi phí đi vay giảm 37,6 tỷ. Lỗ các tài sản tài chính ghi nhận thông qua lãi/lỗ (FVTPL) thấp hơn 11,4 tỷ so với cùng kỳ.
Điều này giúp doanh thu của công ty chứng khoán số này tích cực hơn trong quý I. Nhờ đó, lợi nhuận sau thuế của DNSE đạt 70,1 tỷ đồng, tăng hơn 30,7 tỷ, tương ứng tăng 78% so với quý I năm ngoái.
Bên cạnh doanh thu, DNSE sở hữu số lượng tài khoản mở mới và tài sản được quản lý (AUM) tăng nhờ chiến lược đa dạng về kênh tiếp cận khách hàng. Cụ thể, DNSE mở mới hơn 120.000 tài khoản trong quý 1, chiếm 30% thị phần tài khoản mở mới, nhờ vậy giữ vững vị trí top dẫn đầu thị trường về lượng tài khoản này.
Ngoài ra, theo số liệu tại Đại hội đồng cổ đông thường niên tổ chức ngày 16/4, Ban lãnh đạo DNSE cho biết, hiện DNSE quản lý 37.800 ỷ đồng, tương đương với 1,7 tỷ chứng khoán, tăng trưởng hơn 40% so với đầu năm. Trong ba tháng đầu năm, số lượng khách hàng có tài sản giá trị trên 1 tỷ ở DNSE tăng 30% và nhóm khách hàng có NAV trung bình từ 100 triệu trở lên cũng tăng hơn 30%.
Đối với mảng chứng khoán phái sinh, quý 1/2024 cũng đánh dấu lần đầu DNSE lọt top 5 bảng xếp hạng thị phần môi giới phái sinh HNX khi chiếm thị phần 4,01%, sau năm đầu triển khai dịch vụ này. Theo thông tin từ đại hội cổ đông, đây cũng là mảng kinh doanh được DNSE mở rộng dư địa phát triển trong năm nay với nhiều chính sách ưu đãi như miễn phí giao dịch phái sinh, tổ chức cuộc thi ""Thần long đại short"" ...
Với thế mạnh về công nghệ, DNSE đang phát triển loạt sản phẩm mới nhằm mục tiêu mang đến một nền tảng khác biệt, dễ dàng, thuận tiện cho nhà đầu tư. Trong đó, hệ thống quản trị và cho vay margin theo từng giao dịch (Margin Deal) và tính năng tự đề xuất gói vay theo nhu cầu Fin X là sản phẩm cốt lõi mang đến cho DNSE tăng trưởng về doanh thu margin.
Theo thông báo mới nhất từ Sở Giao dịch chứng khoán TP HCM (HoSE), hệ thống giao dịch KRX dự kiến sẽ đi vào hoạt động từ ngày 2/5 nếu kiểm thử thành công vào ngày 30/4. Do đó, khi áp dụng tính năng giao dịch trong ngày (T+0), mô hình Margin Deal của DNSE sẽ là công cụ hỗ trợ tối ưu giúp khách hàng gia tăng hiệu quả đầu tư, nhờ vào việc quản trị và xử lý riêng biệt theo từng giao dịch, từng lệnh.
Chia sẻ về tiến độ chuẩn bị triển khai hệ thống KRX tại Đại hội đồng cổ đông thường niên vừa qua, bà Phạm Thị Thanh Hoa cho biết: ""Với nền tảng công nghệ hiện đại đã đầu tư, chúng tôi tự tin đáp ứng nhu cầu giao dịch trong ngày hay giao dịch tần suất cao sẽ phát sinh khi hệ thống KRX được triển khai"".
Theo đó, trong giai đoạn 1, DNSE sẽ chủ yếu áp dụng những sản phẩm hiện tại của thị trường, những sản phẩm nâng cao như giao dịch trong ngày sẽ được triển khai ở giai đoạn 2.
Hiện DNSE đã bắt đầu xây dựng tính năng hệ thống đối với sản phẩm nâng cao để sẵn sàng triển khai ngay sau khi hệ thống KRX được vận hành toàn thị trường.Đối với hoạt động cho vay margin, không chỉ dựa trên nguồn vốn sẵn có, DNSE cũng xây dựng mô hình các đối tác cung cấp vốn cho nhà đầu tư trên nền tảng của DNSE, từ đó tận dụng và sử dụng vốn hiệu quả hơn so với mô hình tại các công ty chứng khoán truyền thống.
Đồng thời, DNSE cũng tăng hàm lượng công nghệ trong hai sản phẩm Trợ lý ảo Ensa có khả năng hỏi đáp, phục vụ nhu cầu tư vấn của nhà đầu tư qua chatbot và cổng thông tin, đánh giá chấm điểm cổ phiếu Senses. Tỷ lệ khách hàng đón nhận, làm quen và sử dụng các nguồn thông tin này ngày một tăng, với khoảng 13 - 15% nhà đầu tư thường xuyên trao đổi thông tin với trợ lý ảo Ensa. Ngoài ra, hầu hết nhà đầu tư của DNSE đều sử dụng Senses làm công cụ đánh giá các mã cổ phiếu quan tâm.
Hoàn tất đợt chào bán cổ phiếu lần đầu ra công chúng (IPO) vào đầu năm 2024, DNSE đang trong quá trình hoàn thiện các thủ tục và dự kiến đưa cổ phiếu DSE lên sàn HoSE vào khoảng tháng 6/2024. Với chiến lược cạnh tranh dựa trên nền tảng giao dịch thuận tiện và sự đa dạng sản phẩm tài chính, phong phú về kênh bán, DNSE có lợi thế để triển khai các kế hoạch kinh doanh, tăng tốc đạt mục tiêu đề ra trong năm 2024.
Thảo Vân",chứng khoán,VNexpress,https://i1-kinhdoanh.vnecdn.net/2024/04/23/event-dnse-207-1713837298-6712-1713837365.jpg?w=680&h=0&q=100&dpr=1&fit=crop&s=L0PTCmn6-T_AhdDjFl9T4Q
Công ty của bầu Đức huy động được 1.300 tỷ đồng từ bán cổ phiếu,"Thứ hai, 22/4/2024, 18:19 (GMT+7)","Thông tin vừa được Công ty cổ phần Hoàng Anh Gia Lai (HAG) công bố.
Ba nhà đầu tư gồm: ông Lê Minh Tâm - nhà đầu tư cá nhân đã mua 28 triệu cổ phiếu, chiếm 2,65% vốn cổ phần; Công ty chứng khoán LPBank đã mua 50 triệu cổ phiếu, chiếm 4,73% vốn và Tập đoàn Thaigroup mua 52 triệu cổ phiếu, chiếm 4,92%.
Với giá chào bán 10.000 đồng một cổ phiếu, công ty đã thu về 1.300 tỷ đồng.
Sau đợt chào bán cổ phiếu riêng lẻ, công ty cũng thông qua việc sửa đổi điều lệ, nâng vốn từ gần 9.275 tỷ đồng lên gần 10.575 tỷ đồng.
Từ đầu năm đến nay, Hoàng Anh Gia Lai có nhiều thay đổi. Trong tháng 4, công ty đổi nhận diện thương hiệu với màu sắc khá giống logo của LPBank.
Hôm 4/3, LPBank cũng rót vào Hoàng Anh Gia Lai 5.000 tỷ đồng thông qua hợp đồng tài trợ, với ưu tiên đầu tư cho nông nghiệp xanh.
Tháng 11/2023, nhà băng này ký kết hợp tác toàn diện với Học viện Bóng đá và Câu lạc bộ Bóng đá Hoàng Anh Gia Lai. Sau ký kết, Hoàng Anh Gia Lai công bố đổi tên Học viện và Câu lạc bộ thành Học viện Bóng đá LPBank - Hoàng Anh Gia Lai và Câu lạc bộ Bóng đá LPBank - Hoàng Anh Gia Lai.
Trong báo cáo thường niên năm 2023, bầu Đức cho biết việc ký hợp tác toàn diện với LPBank giúp mang đến nguồn lực tài chính ổn định cho Hoàng Anh Gia Lai.
Năm 2024, công ty dự kiến trồng thêm 2.000 ha chuối, nâng diện tích từ 7.000 ha lên 9.000 ha. Đồng thời, doanh nghiệp sẽ trồng thêm 500 ha sầu riêng, nâng diện tích từ 1.500 ha lên 2.000 ha.
Năm ngoái, công ty của bầu Đức đạt doanh thu thuần 6.932 tỷ đồng, tăng 36% so với năm liền trước. Lãi ròng của Hoàng Anh Gia Lai đạt hơn 1.817 tỷ đồng - mức cao nhất trong 13 năm kinh doanh gần đây. Tổng tài sản cuối năm 2023 là 21.527 tỷ đồng, tăng hơn 1.700 tỷ đồng sau một năm. Lỗ lũy kế của công ty đã giảm một nửa, còn gần 1.700 tỷ đồng.",chứng khoán,VNexpress,N/A
Chứng khoán xanh trở lại sau tuần mất 100 điểm,"Thứ hai, 22/4/2024, 15:46 (GMT+7)","Sau một tuần biến động với mức giảm hơn 100 điểm, chứng khoán trở lại trong phiên đầu tuần này khi dòng tiền bắt đáy tham gia tích cực hơn.
VN-Index vượt lên trên tham chiếu sau ATO, giao dịch quanh vùng 1.180-1.190 điểm trong phiên sáng. Áp lực bán có phần suy yếu, trong khi bên mua cũng thận trọng, thể hiện qua thanh khoản thị trường giữ ở mức thấp.
Sang phiên chiều, nhịp giao dịch được đẩy nhanh hơn. Lực kéo của nhóm cổ phiếu chứng khoán và ngân hàng giúp VN-Index nới rộng sắc xanh. Thông tin vận hành hệ thống giao dịch mới KRX khiến dòng tiền tập trung vào nhóm ngành chứng khoán, giúp một loạt cổ phiếu tăng trần.
Đà tăng của thị trường cũng thúc đẩy bên mua quyết liệt hơn. Chỉ số chỉ thu hẹp một phần trong nửa cuối của phiên chiều, khi áp lực bán tăng lên ở vùng giá cao.
Chốt phiên, VN-Index có thêm hơn 15 điểm (1,31%) vượt 1.190 điểm. VN30-Index tăng 12,6 điểm (1,06%), lên 1.206,64 điểm.
Trên sàn Hà Nội, HNX-Index tăng hơn 2%, trong khi UPCOM-Index có thêm gần 1%.
Thanh khoản toàn thị trường đạt hơn 17.900 tỷ đồng, trong đó thanh khoản trên sàn HoSE chiếm gần 16.000 tỷ, giảm hơn 9.000 tỷ đồng so với phiên trước. Nhà đầu tư nước ngoài hôm nay bán ròng hơn 240 tỷ đồng.
Sàn HoSE có 374 cổ phiếu tăng giá và 114 cổ phiếu giảm giá.
BID là cổ phiếu đóng góp tích cực nhất cho VN-Index với 2,5 điểm khi mã này tăng gần 4%, lên 50.100 đồng. Ngoài BID, cổ phiếu ngân hàng, chứng khoán cũng là động lực chính. SSI, TPB, VRE tăng trên 5%, STB có thêm hơn 3%, CTG, TCB, VPB tăng trên 1%.
Ngược lại, VIC mất hơn 1%, là mã giảm mạnh nhất nhóm vốn hóa lớn. MBB, VNM, VHM đóng cửa dưới tham chiếu.
Ở nhóm vốn hóa trung bình, các cổ phiếu chứng khoán cũng là tâm điểm. FTS, VND, BVS tăng kịch trần, HCM, MBS, SBS có thêm hơn 6%, các mã tăng đa phần tăng mạnh 2-5%.
Minh Sơn",chứng khoán,VNexpress,N/A
HoSE dự kiến triển khai hệ thống mới vào đầu tháng 5,"Thứ hai, 22/4/2024, 11:38 (GMT+7)","Thông tin này vừa được Sở Giao dịch chứng khoán TP HCM (HoSE) gửi các công ty chứng khoán. Theo đó, ngày giao dịch trên hệ thống mới là 2/5 với dữ liệu được lấy từ cuối ngày 26/4. HoSE yêu cầu các công ty chứng khoán kiểm tra giao dịch trên hệ thống của mình với hệ thống mới KRX như ngày bình thường.
Từ tuần này, Sở bắt đầu thực hiện các bước chuyển đổi để chuẩn bị cho việc triển khai chính thức hệ thống KRX.
Trong hai ngày 24-25/4, các công ty chứng khoán sẽ kiểm tra kết nối đến Sở. Sang ngày 26/4, dữ liệu cuối ngày sẽ được chuyển đổi sang hệ thống mới. Các công ty chứng khoán được yêu cầu chủ động chuẩn bị dữ liệu để kiểm tra chuyển đổi (cutover test).
Trong ba ngày 27-29/4, HoSE sẽ chuyển đổi hệ thống giao dịch. Cuối ngày 30/4, dựa trên kết quả kiểm thử cutover test, Sở sẽ thông báo triển khai chính thức hệ thống giao dịch mới.
""Trong trường hợp không thực hiện được, các công ty chứng khoán chủ động chuẩn bị để tiếp tục giao dịch trên hệ thống hiện tại"", HoSE lưu ý.
KRX là hệ thống công nghệ thông tin do Sở Giao dịch chứng khoán Hàn Quốc (KRX) thiết kế. Hệ thống này cung cấp nhiều tiện ích mới, nổi bật nhất là hỗ trợ nhà đầu tư giao dịch lô lẻ trên một bảng riêng và thực hiện mua - bán cổ phiếu trong ngày (T+0). Gói thầu thiết kế, cung cấp lắp đặt và chuyển giao hệ thống công nghệ thông tin được HoSE ký với KRX năm 2012, trị giá 600 tỷ đồng.
Ban đầu, HoSE dự kiến hoàn thành năm 2021 nhưng sau đó liên tục lỗi hẹn. Lần gần nhất, hệ thống công nghệ thông tin mới được lên kế hoạch vận hành chính thức cuối năm 2023, tuy nhiên vẫn phải lùi lịch.
Để chạy chính thức giao dịch KRX, đầu năm nay HoSE đã có hai lần chạy thử hệ thống.
KRX được nhiều nhà đầu tư, công ty chứng khoán và các đơn vị phân tích đánh giá cao, kỳ vọng sẽ trở thành ""ngọn gió đông"" mới cho thị trường trong dài hạn. Thời gian qua, những thông tin về các lần thử nghiệm và hứa hẹn vận hành đã trở thành động lực lớn đẩy giá cổ phiếu nhóm ngành chứng khoán và cả chỉ số chung tăng lên đáng kể.
Trong báo cáo phát hành đầu năm, Chứng khoán KB Việt Nam (KBSV) ước tính hệ thống mới giúp giá trị giao dịch trung bình mỗi phiên của VN-Index tăng 30-70% so với thanh khoản bình quân 5 năm gần đây. Đơn vị này nhận định rằng, KRX đi vào hoạt động sẽ đáp ứng các điều kiện còn thiếu để nâng hạng thị trường theo xếp hạng của FTSE Russell.
Tất Đạt",chứng khoán,VNexpress,https://i1-kinhdoanh.vnecdn.net/2024/04/22/QUYN8560-7060-1713759906.jpg?w=680&h=0&q=100&dpr=1&fit=crop&s=ambz05bBb2cjGLXkQOuHSQ
Chứng khoán đỏ lửa,"Thứ sáu, 19/4/2024, 11:41 (GMT+7)","VN-Index rơi 18 điểm chỉ sau 20 phút đầu giao dịch, thủng mốc 1.175 điểm khi áp lực bán xuất hiện từ sớm. Chỉ số này sau đó giằng co rất mạnh với biên độ rộng quanh 1.190-1.170 điểm trong cả buổi sáng. Nhóm chứng khoán và bất động sản dẫn đầu đà sụt giảm với lệnh bán tháo dồn dập. Thị trường rơi hơn 23 điểm trước khi vào giờ nghỉ trưa.
Sang buổi chiều, chỉ số đại diện sàn HoSE lần lượt cải thiện, có lúc chỉ còn cách tham chiếu gần 3 điểm. Dòng tiền ""bắt đáy"" dần xuất hiện ở ngưỡng 1.080 điểm. Tuy nhiên chỉ số xấu đi khi bước vào phiên ATC. Nhóm chứng khoán đảo chiều với loạt mã bị đẩy về giá sàn, sắc đỏ cũng lan rộng trên toàn thị trường.
VN-Index chốt phiên giảm hơn 18 điểm, về mức 1.174,85 điểm. Chỉ sau bốn phiên điều chỉnh liên tiếp, thị trường đã bị đẩy về vùng giá hồi đầu tháng 2.
Độ rộng thị trường nghiêng hẳn về sắc đỏ với 405 cổ phiếu giảm giá, nhiều gấp 4,5 lần so với các mã tăng. Trừ nhóm viễn thông, toàn bộ chỉ số các ngành đều đi lùi, mạnh nhất là nhóm chứng khoán và bất động sản.
Các cổ phiếu ảnh hưởng xấu nhất đến VN-Index hôm nay lần lượt là VIC, CTG, FPT, BCM, GVR.
Sàn HoSE có 17 mã giảm về giá sàn, trong đó có 5 mã thuộc ngành chứng khoán gồm CTS, BSI, AGR, VDS và APG. Ngoài ra, ngành này còn có VIX, HCM, MBS và FTS cũng giảm 4,1-5,8%. Nhiều mã đồng loạt đi lùi 2-4% so với tham chiếu.
Ở nhóm bất động sản, DIG là cổ phiếu được giao dịch nhiều nhất thị trường với 1.090 tỷ đồng, thị giá sụt 4,9%. Hàng loạt mã cùng giảm trên 5% như PDR, DXG, CEO, KBC, NLG, VIC... Trong khi đó, QCG là cổ phiếu duy nhất thanh khoản đáng kể có diễn biến đi ngược thị trường khi chốt phiên ở giá trần.
Tâm lý tiêu cực khiến nhà đầu tư đua lệnh bán tháo, mạnh nhất trong buổi sáng và hạ nhiệt hơn ở buổi chiều. Thanh khoản thị trường TP HCM cả ngày hôm nay tăng gần 4.600 tỷ so với phiên 17/4, đạt hơn 23.700 tỷ đồng.
Điểm tích cực duy nhất của thị trường đến từ giao dịch khối ngoại khi họ mua ròng gần 700 tỷ đồng, mức lớn nhất khoảng nửa năm qua. Hôm nay nhà đầu tư nước ngoài gom mạnh các mã VNM, DIG, VND, HPG. Nhờ thế, những mã trên nhìn chung mất giá nhẹ hơn so với mặt bằng chung của thị trường.
Tâm lý nhà đầu tư xấu đi ảnh hưởng lớn đến thị trường sáng nay. Trên thế giới, giá dầu thô tăng vọt vì tin Israel tấn công Iran đẩy lo ngại lạm phát có thể nhích lên, kéo dài thời gian Cục Dự trữ liên bang Mỹ (Fed) hạ lãi suất. Các chỉ số chính trên thị trường Mỹ như S&P 500 và Nasdaq Composite đã giảm liên tiếp trong 5 phiên, chuỗi giảm điểm dài nhất nhiều tháng qua.
Trong khi đó, việc VN-Index điều chỉnh liên tục ba phiên trước lễ, cũng gây ra hiệu ứng tiêu cực trong tâm lý nhà đầu tư. Thị trường đang giằng co quanh 1.200 điểm - ngưỡng hỗ trợ quan trọng cho chu kỳ tăng giá kéo dài của VN-Index từ đầu năm đến nay. Đây cũng là con số nhạy cảm với nhiều nhà đầu tư vì trong lịch sử, chứng khoán Việt Nam giữ mốc trên 1.200 điểm không quá lâu và luôn đi kèm các pha điều chỉnh mạnh ngay sau đó.
Thông qua các nhóm tư vấn, Chứng khoán VPS khuyến nghị giai đoạn này, nhà đầu tư nên chú ý quản lý danh mục hơn là việc dự báo xem thị trường có giảm thêm không. Lý do là nếu danh mục an toàn, việc thị trường giảm thêm cũng không ảnh hưởng quá lớn đến tâm lý.
Tất Đạt",chứng khoán,VNexpress,N/A
Một cá nhân bị phạt gần 600 triệu đồng vì thao túng cổ phiếu,"Thứ năm, 18/4/2024, 09:00 (GMT+7)","Ủy ban Chứng khoán cho biết ông Giang Tuấn Anh sử dụng một tài khoản chứng khoán của mình và 22 tài khoản nhà đầu tư khác để giao dịch cổ phiếu của Công ty cổ phần Đầu tư Sao Thăng Long (mã DST), từ ngày 24/2/2020 đến 01/10/2020.
Việc này đã tạo cung, cầu giả, thao túng giá cổ phiếu DST. Tuy nhiên, cơ quan chức năng cho biết ông Tuấn Anh không phát sinh lợi ích bất hợp pháp từ hành vi thao túng giá cổ phiếu này.
Với vi phạm trên, Ủy ban Chứng khoán xử phạt ông Giang Tuấn Anh 575 triệu đồng.
Sao Thăng Long tiền thân là Phòng sách giáo khoa trực thuộc Sở Giáo dục - Đào tạo Nam Định, thành lập năm 1983. Mã DST được niêm yết trên sàn HNX từ năm 2007. Hiện, mã này có thị giá khoảng 3.500 đồng, giảm 40% so với một năm trước. Bình quân một năm qua, khối lượng giao dịch của cổ phiếu này khoảng 285.900 đơn vị mỗi phiên.
Dỹ Tùng",chứng khoán,VNexpress,N/A
VN-Index mất mốc 1.200 điểm,"Thứ tư, 17/4/2024, 15:23 (GMT+7)","Sắc đỏ tiếp tục là gam màu chủ đạo của phiên hôm nay, khi nhịp hồi lại cuối phiên hôm qua không giúp tâm lý thị trường cải thiện.
Căng thẳng địa chính trị thế giới, lộ trình giảm lãi suất của Fed kéo dài, cùng áp lực tỷ giá tăng cao gần đây khiến tâm lý thận trọng dâng cao trên thị trường. VN-Index giằng co sau phiên ATO, đi ngang gần tham chiếu đến cuối giờ sáng với thanh khoản giảm sâu. Giá trị giao dịch trên HoSE đến trước giờ nghỉ trưa chỉ đạt hơn 7.000 tỷ đồng, giảm mạnh so với những phiên biến động trước đó.
Sang phiên chiều, áp lực bán gia tăng. Nhiều nhà đầu tư chấp nhận lỗ để thoát hàng, khiến chỉ số của sàn HoSE nới rộng sắc đỏ. VN-Index mất hơn 15 điểm chỉ sau 15 phút vào phiên giao dịch chiều.
Chỉ số hồi nhẹ vào giữa phiên rồi tiếp tục lao dốc. Chốt phiên, VN-Index giảm hơn 22 điểm (1,86%), mất mốc 1.200 điểm. VN30-Index mất gần 22 điểm (1,78%), xuống 1.210 điểm. Trên sàn Hà Nội, HNX-Index và UPCOM-Index cùng chốt phiên dưới tham chiếu.
Thanh khoản giảm mạnh. Giá trị giao dịch toàn thị trường đạt hơn 21.400 tỷ, trong đó sàn HoSE chiếm hơn 89%. Mức này giảm trên 12.000 tỷ so với phiên trước. Nhà đầu tư nước ngoài hôm nay bán ròng gần 1.000 tỷ.
Cuối phiên, sàn HoSE có 137 cổ phiếu tăng giá và 348 mã giảm.
Dòng tiền của nhà đầu tư tập trung vào ba nhóm ngành chính là bất động sản, ngân hàng và dịch vụ tài chính.
Trong VN30, ngân hàng đứng đầu nhóm ảnh hưởng tiêu cực tới chỉ số. BID, CTG giảm 4%, SHB, TPB, MBB, VPB mất 3%, STB, VIB, HDB thấp hơn tham chiếu quanh ngưỡng 2%.
Với những nhóm khác, GVR giảm trên 5%. Còn BCM, VJC, SSI mất 2% thị giá.
Ngược lại, MSN là cổ phiếu giao dịch tích cực nhất khi chốt phiên tăng hơn 1%. Bloomberg dẫn nguồn tin cho biết Masan đang cân nhắc niêm yết mảng hàng tiêu dùng. Thương vụ có khả năng sẽ trở thành đợt chào bán cổ phiếu lần đầu ra công chúng (IPO) lớn nhất từ trước đến nay của Việt Nam.
Ngoài MSN, các mã VNM, POW hay SSB cũng giữ sắc xanh khi đóng cửa.
Ở nhóm vốn hóa trung bình, áp lực bán cũng lan rộng. Trong nhóm mid-cap, cổ phiếu bất động sản, xây dựng, chứng khoán lùi sâu. FTS chạm giá sàn, BSI, BVS giảm trên 6%, VCI, CTS mất hơn 5%.
Trong nhóm bất động sản, các cổ phiếu phần nhiều đóng cửa trong sắc đỏ, giảm 1-3%. QCG ngược dòng tăng kịch trần lên 16.700 đồng, với thanh khoản gần 1,4 triệu cổ phiếu được sang tay.
Minh Sơn",chứng khoán,VNexpress,N/A
Dragon Capital: Đầu tư chứng khoán vẫn hấp dẫn,"Thứ ba, 16/4/2024, 19:23 (GMT+7)","Nhận định trên được ông Lê Anh Tuấn - Giám đốc khối Đầu tư của Dragon Capital nêu trong hội nghị nhà đầu tư chiều 16/4.
Thị trường chứng khoán đang trải qua đợt điều chỉnh mạnh, khi giảm về gần ngưỡng 1.200 điểm - mức thấp nhất gần hai năm qua. Giới phân tích cho rằng tâm lý nhà đầu tư đã bị tác động mạnh trước căng thẳng địa chính trị, tỷ giá tăng, khiến VN-Index lao dốc vài ngày qua.
Ông Lê Anh Tuấn đồng ý với quan điểm để tìm điểm cân bằng với tỷ giá, lãi suất tiền gửi trong nước có thể sẽ tăng 50-150 điểm phần trăm trong 3-6 tháng tới. Tuy nhiên điều đó không đồng nghĩa chính sách tiền tệ sẽ đảo chiều.
""Chính sách tiền tệ tiếp tục nới lỏng, lãi suất duy trì mức thấp để hỗ trợ chứng khoán"", ông Tuấn nói.
Với điều kiện vĩ mô thuận lợi, cộng với việc Cục Dự trữ liên bang Mỹ (Fed) dự kiến giảm lãi suất, chuyên gia Dragon Capital cho rằng, chứng khoán sẽ có nhịp tăng trưởng tốt. Bởi, trong xu hướng tăng giá (uptrend), thị trường có thể điều chỉnh 5-10%.
Vì thế, theo Giám đốc khối Đầu tư Dragon Capital hiệu suất đầu tư chứng khoán vẫn rất hấp dẫn nếu nhà đầu tư biết điều tiết tỷ trọng dòng tiền.
Thông thường, chính sách tiền tệ nới lỏng là một trong những động lực nâng đỡ thị trường chứng khoán, bên cạnh triển vọng kinh tế vĩ mô và tăng trưởng lợi nhuận của doanh nghiệp. Dragon Capital cho rằng hiện thị trường nhận được nhiều tín hiệu rõ rệt về phục hồi kinh doanh của doanh nghiệp.
Cùng đó, kinh tế Việt Nam có nhiều chuyển biến, dễ nhận thấy nhất là tăng trưởng xuất khẩu. Theo số liệu của Tổng cục Thống kê, quý đầu năm, xuất khẩu đạt trên 93 tỷ USD, tăng 17% so với cùng kỳ năm trước.
Không chỉ Dragon Capital, các đơn vị khác duy trì quan điểm lạc quan về triển vọng thị trường năm nay. Chia sẻ trong đại hội nhà đầu tư mới đây, Công ty quản lý quỹ Vietcombank (VCBF) cho rằng VN-Index có nhiều tiềm năng nhờ bộ ba chỉ báo triển vọng kinh tế, lợi nhuận doanh nghiệp và lãi suất duy trì nền thấp.
Theo đó, định giá thị trường chứng khoán sẽ trở nên hấp dẫn với hệ số P/E (giá thị trường trên thu nhập mỗi cổ phiếu) chỉ ở mức 11,7 lần, thu hút dòng tiền đổ vào.
""Chúng tôi tin rằng chiến lược xây dựng một danh mục đa dạng sẽ tiếp tục tạo ra mức lợi nhuận hấp dẫn cho các nhà đầu tư"", đại diện VCBF nói.
VN-Index tính từ đầu năm 2024 tăng hơn 13%. Số lượng tài khoản mở mới tăng đều trong ba tháng đầu năm nay, trong bối cảnh giao dịch sôi động, cho thấy sự quan tâm của nhà đầu tư với kênh vốn này. Riêng tháng 3, số mở mới đạt hơn 160.000 tài khoản. Nhờ đó, giá trị giao dịch trung bình hàng ngày của thị trường lên mức cao kỷ lục là 26.700 tỷ đồng, tăng 28% so với tháng 2. Mức này đạt đỉnh kể từ đầu năm 2022.
Tỷ giá gần đây tăng nóng, liên tiếp lập kỷ lục mới. Hôm nay, giá USD trong ngân hàng tăng kịch trần, vượt 25.300 đồng. Lý giải về áp lực tỷ giá, ông Lê Anh Tuấn cho rằng đà tăng này đến từ chênh lệch lãi suất giữa VND và USD đang ở mức âm, biến động trên thị trường vàng và đà tăng của tiền số.

Trên thế giới, chỉ số đồng USD (DXY) trở lại mốc 106 điểm, lần đầu sau 6 tháng. Nguyên nhân của hiện tượng này đến từ lạm phát Mỹ vẫn giữ mức cao khiến Fed có thêm thời gian trước khi quyết định hạ lãi suất. Điều này trái với kỳ vọng của nhà đầu tư.
Ngoài ra, tỷ giá tăng còn chịu tác động từ thị trường vàng và tiền số. Giá vàng liên tục tạo đỉnh mới những ngày qua, cao nhất 85 triệu đồng mỗi lượng. Điều này kích thích tâm lý người dân sử dụng ngoại tệ đầu tư vào vàng, thay vì nhập hàng hóa để sản xuất hoặc kinh doanh.
Dragon Capital chỉ ra mối tương quan chặt chẽ giữa tỷ giá với những đợt tăng của tiền số. Khi Bitcoin tăng mạnh, tỷ giá chợ đen cũng nhích lên, vì nhà đầu tư có xu hướng tìm mua USD để đổ vào tiền số.
Tuy biến động mạnh, thống kê của Dragon Capital vẫn chỉ ra VND đang mất giá chậm hơn so với nhiều đồng tiền trong khu vực. Từ đầu năm đến nay, biên độ giảm của tiền đồng thấp hơn tiền tệ của Đài Loan (6,4%), Thái Lan (7,5%), Hàn Quốc (8,3%) và Nhật Bản (9,4%).
""Sở dĩ thị trường phản ứng là do chưa quen với mức biến động lên đến 4% như hiện tại"", ông Lê Anh Tuấn nhận định.
Để ổn định, Ngân hàng Nhà nước bắt đầu phát hành tín phiếu trở lại, với tổng giá trị khoảng 172.000 tỷ đồng, tính đến ngày 13/4. Lãi suất tín phiếu cũng tăng. Kéo theo đó, lãi liên ngân hàng kỳ hạn một tháng trở lại mức 4%, khiến nhà đầu tư lo ngại mặt bằng thị trường cũng nhích lên.
Tất Đạt",chứng khoán,VNexpress,https://i1-kinhdoanh.vnecdn.net/2024/04/16/chung-khoan-Quynh-Tran-jpeg-8578-1713270049.jpg?w=680&h=0&q=100&dpr=1&fit=crop&s=R9MzHu50SKjKUHFJ5B6ltQ
Chứng khoán cải thiện ở cuối phiên,"Thứ ba, 16/4/2024, 15:29 (GMT+7)","VN-Index mở cửa trong sắc xanh, rồi nhanh chóng rơi về dưới tham chiếu. Chỉ số này rung lắc liên tục trong nửa đầu buổi sáng, trước khi bước vào đà giảm liên tục đến cuối phiên.
Thị trường diễn biến xấu hơn trong buổi chiều khi chỉ số đại diện sàn HoSE rớt khỏi vùng 1.200 điểm. Đến khoảng 13h25, VN-Index sụt về dưới 1.192 điểm - tức giảm gần 25 điểm so với tham chiếu.
Sau phiên ATC, đà giảm được thu hẹp, VN-Index chốt phiên ở 1.215,7 điểm, thấp hơn khoảng 1 điểm so với hôm qua. VN30-Index có diễn biến khả quan hơn khi tăng 4,8 điểm.
Chỉ số giảm nhẹ, nhưng toàn sàn HoSE có 361 mã đóng cửa trong sắc đỏ, nhiều gấp 2,6 lần so với chiều ngược lại. Thị trường chủ yếu được cải thiện bởi một số mã có vốn hóa lớn.
Nhìn chung, bất động sản và chứng khoán là hai nhóm diễn biến tiêu cực. NVL chốt phiên thấp hơn 4,5% so với tham chiếu, DXG lùi thêm 4,3%. Các mã khác như DIG, PDR, CEO, CII cùng giảm với biên độ từ 2% trở lên.
Trong lĩnh vực chứng khoán, mã EVF sụt 4,6% thị giá. Còn lại các cổ phiếu có thanh khoản cao như VIX, VND, VCI chủ yếu giảm dưới 2%. Ngành này vẫn có một số mã ngược dòng thị trường, như CTS tăng 5,4% hay MBS tăng 2,2%.
Ở chiều ngược lại, ngân hàng là nhóm tích cực nâng đỡ thị trường. Bốn cổ phiếu dẫn đầu việc góp điểm cho VN-Index đều thuộc ngành này, lần lượt là TCB, BID, CTG và MBB. Kế đến là LPB, VPB và ACB. Mức tăng phổ biến của các cổ phiếu ngân hàng quanh 1-2%.
Mức giảm của VN-Index thu hẹp hơn hôm qua một phần đến từ đà bán tháo dần hạ nhiệt. Thanh khoản sàn HoSE hôm nay giảm hơn 3.200 tỷ về khoảng 30.300 tỷ đồng.
Tín hiệu tích cực khác là khối ngoại trở lại mua ròng sau hai phiên xả hàng, nhưng giá trị mua ròng của họ chỉ hơn 70 tỷ đồng.
Tất Đạt",chứng khoán,VNexpress,N/A
Vì sao chứng khoán rơi 60 điểm?,"Thứ ba, 16/4/2024, 06:14 (GMT+7)","Chứng khoán khởi đầu tuần này với phiên giảm mạnh. Áp lực bán tháo tăng vọt trong nửa sau phiên chiều khiến VN-Index giảm gần 60 điểm (4,7%), về gần ngưỡng 1.200 điểm - mức giảm mạnh nhất gần hai năm qua.
Theo Công ty chứng khoán Sài Gòn - Hà Nội (SHS), VN-Index khởi đầu tuần này với những áp lực lớn đến từ tình hình thế giới, như căng thẳng Iran - Isarel gia tăng, áp lực tỷ giá tăng mạnh.
Tình hình vĩ mô trong nước có dấu hiệu khởi sắc hơn khi GDP quý I cao nhất 5 năm, nhưng các chỉ số này chưa hoàn toàn tích cực khi tăng trưởng tín dụng yếu, tỷ giá ở mức cao, những khó khăn với thị trường bất động sản, đặc biệt là thị trường trái phiếu, vẫn chưa có bước chuyển biến đáng kể. Tình hình kinh tế toàn cầu hiện cũng khó lường khi địa chính trị bất ổn và tăng trưởng thấp, nhất là khu vực EU.
Ông Huỳnh Hoàng Phương - Giám đốc khối Nghiên cứu và phân tích đầu tư tại FIDT, cũng cho rằng ""cú sập"" là hệ quả khi thị trường đã có đợt tăng giá kéo dài với hiệu suất gần 13% tính từ đầu năm. ""Đó là hệ quả của việc thị trường đi trước những chỉ số vĩ mô"", ông nhận định.
Theo ông, thời gian qua, kinh tế Việt Nam có sự phục hồi nhưng chưa bền vững khi hai cấu thành: tiêu dùng và đầu tư tư nhân - chiếm tỷ trọng cao trong GDP - chưa tăng mạnh và vững chắc. Trong khi đó, thị trường liên tục đối mặt nhiều rủi ro, quan trọng nhất là áp lực tỷ giá.
""Khi USD liên tiếp lập đỉnh, nhà đầu tư dễ có tâm lý lo sợ Ngân hàng Nhà nước sẽ bán ngoại tệ để can thiệp, tăng lãi suất. Khi đó sẽ gây áp lực lên thị trường chứng khoán"", ông Phương nói.
Phiên giảm điểm cũng xuất hiện lệnh MP (lệnh mua tại mức giá bán thấp nhất hoặc bán ngay lập tức tại mức giá mua cao nhất trên thị trường) ồ ạt, theo chuyên gia này, là điều dễ giải thích. Chứng khoán đã có chu kỳ tăng trưởng kéo dài với nhiều cổ phiếu tích lũy thị giá rất tốt, giúp nhiều nhà đầu tư lãi đậm. Ngay khi thị trường rung lắc, nhóm này sẵn sàng đánh đổi vài phần trăm lợi nhuận để ""thoát hàng"" cho bằng được vì tính chung, hiệu suất danh mục của họ vẫn ở mức cao, đạt kỳ vọng.
Tuy nhiên, dù đối diện với cản mạnh 1.300 điểm và nhiều yếu tố bất lợi, theo các nhà phân tích, phiên giảm điểm 15/4 diễn ra ""khá bất thường"".
""VN-Index bất ngờ giảm điểm mạnh làm gãy nền tích lũy trung hạn và hỗ trợ 1.250, dẫn tới trạng thái vận động ngắn hạn chuyển biến xấu. Vận động giảm điểm mạnh phiên 15/4 là bất thường"", nhóm phân tích SHS nhận xét.
Để dự báo chính xác về xu hướng VN-Index trong ngắn hạn, Chuyên gia FIDT cho rằng rất khó. Ông kỳ vọng vùng hỗ trợ của chỉ số này sẽ trong khoảng 1.150-1.200 điểm với nhiều cổ phiếu được chiết khấu về mức định giá hấp dẫn cho nhà đầu tư dài hạn.
""Đợt điều chỉnh lần này sẽ không tệ như đầu quý IV năm ngoái vì dù sao kinh tế đã tốt lên, triển vọng tăng trưởng lợi nhuận của doanh nghiệp cũng được cải thiện"", ông nêu quan điểm.
Theo Công ty chứng khoán Yuanta, thị trường có thể tiếp tục đà giảm vào đầu phiên và thu hẹp đà giảm vào cuối phiên. Đồng thời, VN-Index có thể kiểm tra vùng hỗ trợ quanh 1.200-1.210 điểm.
""Các chỉ báo kỹ thuật giảm về gần vùng quá bán, đặc biệt chỉ báo tâm lý giảm mạnh về vùng bi quan quá mức cho nên chúng tôi kỳ vọng thị trường có thể sớm xuất hiện nhịp hồi trong một vài phiên tới"", nhóm phân tích đánh giá.
Chứng khoán Yuanta khuyến nghị các nhà đầu tư ngắn hạn hạn chế bán tháo ở giai đoạn này, dừng bán và quan sát thị trường. Đồng thời, nếu các nhà đầu tư có khẩu vị rủi ro cao có thể xem xét mua thăm dò với tỷ trọng thấp.
Trong khi đó, SHS cho rằng về ngắn hạn, sau phiên bất ngờ giảm mạnh thủng ngưỡng hỗ trợ 1.250 điểm và gãy nền tảng tích lũy, động lực tăng ngắn hạn của thị trường đã suy giảm rất mạnh. VN-Index có nguy cơ trở lại xu hướng giảm ngắn hạn với hỗ trợ mới khoảng 1.150 điểm.
Về trung hạn, chỉ số đã rơi trở lại kênh tích lũy rộng 1.150-1.250. Thị trường có xu hướng đi ngang dài hơn nếu VN-Index vận động trong kênh tích lũy này.
""Trường hợp tích cực nhất là thị trường sớm lấy lại mốc 1.250 trong tuần này, tuy nhiên nếu VN-Index vận động trong kênh 1.150-1.250, về trung hạn vẫn là vận động tích lũy chờ thời cơ hình thành uptrend. Thị trường không có nguy cơ rơi vào chu kỳ downtrend mới"", báo cáo từ SHS viết.
SHS khuyến nghị nhà đầu tư ngắn hạn không nên giải ngân trong các phiên tới, ngay cả khi VN-Index phục hồi bởi động lực tích lũy và tăng ngắn hạn đang bị thử thách. Nhà đầu tư trung, dài hạn cũng không nên giải ngân trong bối cảnh hiện tại mà cần kiên nhẫn chờ đợi nhịp tích lũy lại tin cậy hơn.
Minh Sơn - Tất Đạt",chứng khoán,VNexpress,https://i1-kinhdoanh.vnecdn.net/2024/04/16/chungkhoan-24-1522-1713222860.jpg?w=680&h=0&q=100&dpr=1&fit=crop&s=KSpEOI5KjxPslbCFHgms4A
