title,date,content
Indonesia muốn cạnh tranh xuất khẩu giày dép với Việt Nam tại EU,"Thứ sáu, 26/1/2024, 14:41 (GMT+7)","Bộ trưởng Điều phối vấn đề kinh tế Indonesia Airlangga Hartarto cho biết Việt Nam hiện có Hiệp định thương mại với Liên minh châu Âu (EVFTA), điều mà nước này để mắt trong nhiều năm.
Hiệp định EVFTA đã loại bỏ 99% các mức thuế, mở đường cho nhiều hàng hóa, đặc biệt là giày dép của Việt Nam thâm nhập thị trường châu Âu.
""Giày dép của chúng ta phải đối mặt với thuế nhập khẩu 20% khi xuất sang châu Âu cũng như Mỹ, trong khi đối thủ cạnh tranh là Việt Nam được hưởng thuế bằng 0"", Bộ trưởng Airlangga nói tại Hội nghị Bàn tròn các nhà đầu tư ở Cirebon (thành phố ở Tây Nam Indonesia) hôm thứ Tư.
Hiệp định EVFTA giữa Việt Nam và EU có hiệu lực năm 2020. Giày dép là một trong những mặt hàng xuất khẩu chủ lực của Việt Nam sang thị trường này.
Cơ quan quan sát độ phức tạp kinh tế (OEC) xếp các thành viên EU là Đức và Bỉ thuộc nhóm top 5 điểm đến xuất khẩu giày dép của Việt Nam vào 2021. Tổng kim ngạch xuất khẩu giày dép của Việt Nam trong năm này đạt 19,9 tỷ USD. OEC cho biết xuất khẩu giày dép của Indonesia chỉ bằng một phần nhỏ của Việt Nam. Năm 2021, nước này xuất khẩu được 5,8 tỷ USD, trong đó, giá trị xuất sang Đức và Bỉ lần lượt là 505 triệu USD và 284 triệu USD (của Việt Nam là 1,04 tỷ USD và 722 triệu USD).
Indonesia đã đàm phán Hiệp định đối tác kinh tế toàn diện (CEPA) với EU từ năm 2016. Hai bên đã kết thúc vòng đàm phán thứ 16 và sẽ tổ chức cuộc gặp tiếp theo vào tháng tới. Chính phủ nước này rất muốn kết thúc các cuộc đàm phán CEPA trong năm nay. ""Đây là một hiệp định thương mại rất quan trọng để mở ra khả năng tiếp cận thị trường"", Bộ trưởng Airlangga nói.
Đức Minh (theo Jakartaglobe)"
Xuất khẩu tôm sang Trung Quốc có thể phục hồi,"Thứ sáu, 26/1/2024, 06:47 (GMT+7)","2023 là một năm ngành tôm Việt đối diện nhiều thách thức. Số liệu của Hiệp hội Chế biến và Xuất khẩu thủy sản Việt Nam (VASEP) cho biết giá trị xuất khẩu tôm chỉ đạt 3,4 tỷ USD, giảm 22%. Theo xu hướng này, xuất khẩu tôm sang Trung Quốc cũng sụt giảm dù mức giảm thấp nhất (8%) trong số các thị trường nhập khẩu chính (Mỹ giảm 15%, Nhật giảm 24%, EU giảm 39%).
Trên thực tế, nhu cầu nhập khẩu tôm của nước tỷ dân vẫn tăng mạnh nhưng do có quá nhiều nguồn cung (đơn cử từ Ấn Độ, Ecuador) đổ vào thị trường này nên tôm Việt khó cạnh tranh về giá. Dù vậy, VASEP cho biết nhờ vị trí địa lý gần, các doanh nghiệp Việt sang Trung Quốc lại có lợi thế về chi phí vận tải. Đặc biệt, căng thẳng trên Biển Đỏ khiến cước vận tải biển tăng, có thể khiến Ecuador giảm xuất khẩu sang Trung Quốc, tạo cơ hội cho tôm Việt. Trong các tháng đầu 2024, VASEP dự báo xuất khẩu tôm sang thị trường này có thể phục hồi nhẹ.
Tương tự Trung Quốc, xuất khẩu tôm cũng dự kiến thuận lợi tại Mỹ, Nhật Bản. Thị trường Mỹ được dự báo tăng nhẹ khi nhu cầu ăn uống cải thiện, lạm phát hạ nhiệt và doanh số bán lẻ tại nước này phục hồi. Tuy nhiên, VASEP cũng lưu ý việc Hiệp hội Chế biến tôm Mỹ gần đây đã nộp đơn đề nghị điều tra thuế chống trợ cấp với tôm Việt. Kết quả hiện chưa rõ, nhưng tôm Việt vẫn bị ảnh hưởng trong nửa đầu năm nay, bên cạnh những chướng ngại vật từ căng thẳng trên Biển Đỏ.
Với Nhật Bản, thị trường này được đánh giá có nhiều tiềm năng phục hồi sớm hơn so với Mỹ, EU trong 2024. Nguyên nhân, người tiêu dùng Nhật yêu cầu sản phẩm phải ngon, bổ, đẹp mắt, chế biến cầu kỳ, phù hợp với trình độ, năng lực chế biến của Việt Nam. Các sản phẩm tôm phổ biến từ Việt Nam xuất sang Nhật như tôm bao bột, duỗi, chiên, sushi. Hiện tôm Việt vẫn giữ được lợi thế cạnh tranh tốt trên thị trường này. Ngoài ra, Nhật Bản có vị trí địa lý gần hơn so với Mỹ, EU và phương thức thanh toán cũng an toàn hơn.
Ngược lại, với những bất ổn về kinh tế, chính trị, thị trường EU sẽ chưa thể phục hồi trong phần lớn 2024. Tuy nhiên, dự kiến nhu cầu tôm tại khu vực này sẽ giữ ở mức ổn định, không giảm thêm.
VASEP nói, đà phục hồi cho xuất khẩu tôm nhìn chung sẽ còn đối diện với nhiều cam go, đòi hỏi các doanh nghiệp phải nỗ lực hơn để vượt khó. Dự kiến kim ngạch xuất khẩu ngành tôm sẽ đạt khoảng 4 tỷ USD trong 2024, tăng 5% so với năm ngoái.
Đức Minh"
'Nhà nước không nhất thiết độc quyền vàng miếng',"Thứ năm, 25/1/2024, 18:03 (GMT+7)","""Trước tình trạng mất cân đối cung cầu, giá có lúc chênh với thế giới tới 20 triệu đồng, cần nghĩ tới chuyện thay đổi, sửa quy định và Nhà nước không nhất thiết độc quyền về một thương hiệu vàng miếng"", ông Hoàng Văn Cường, Ủy viên Ủy ban Tài chính ngân sách (Quốc hội), nói tại tọa đàm về thị trường vàng, do Cổng Thông tin điện tử Chính phủ tổ chức hôm nay.
Do chủ trương chống vàng hóa nên từ năm 2014, Ngân hàng Nhà nước không nhập vàng về để sản xuất vàng miếng, khiến nguồn cung vàng giảm. Ngân hàng Nhà nước lấy SJC là thương hiệu vàng miếng quốc gia.
Ông Hoàng Văn Cường phân tích, với tâm lý tích trữ của người dân, cung vàng không có, trong khi cầu có thực, nên dẫn tới tình trạng mất cân đối cung - cầu, đẩy giá kim loại quý tăng cao.
Điều này cũng dẫn tới bất cập khác của thị trường là liên thông giữa trong nước và thế giới. Do không có quan hệ xuất nhập khẩu vàng, thị trường kim loại quý trong nước và thế giới không cân bằng, dẫn tới tình trạng giá thế giới tăng ít, trong nước đã lên rất cao.
Bên cạnh đó, quy định thương hiệu vàng miếng quốc gia, theo Phó hiệu trưởng Đại học Kinh tế Quốc dân, cũng dẫn tới bất bình đẳng giữa các thương hiệu vàng khác trong nước. ""Giá chênh lệch giữa vàng SJC và thế giới dẫn tới thiệt hại về mặt xã hội"", ông nói, và cho rằng đã tới lúc cần xem lại các quy định về việc độc quyền vàng nữa hay không.
""Nên xem xét cho phép nhiều doanh nghiệp tham gia vào sản xuất vàng miếng để đáp ứng nhu cầu thị trường. Khi cung được tự do, cạnh tranh bình đẳng thì người dân tiếp cận vàng tích lũy dễ hơn và không còn tình trạng khan hiếm nữa"", ông Hoàng Văn Cường nhận xét.
Quan điểm không nên duy trì độc quyền một thương hiệu vàng miếng quốc gia cũng nhận được đồng tình của các chuyên gia. ""Cần xem lại cách thức quản lý thị trường vàng hiện nay"", ông Nguyễn Thế Hùng, Phó chủ tịch Hiệp hội Kinh doanh vàng Việt Nam góp ý.
Theo ông, việc duy trì độc quyền vàng miếng SJC dẫn đến sự chênh lệch rất lớn về giá vàng, người dân không được hưởng lợi. ""Nếu chúng ta quan niệm vàng là một loại hàng hóa giống các nước trên thế giới, Ngân hàng Nhà nước không cần quản lý trực tiếp thị trường vàng"", ông Hùng nói.
Chưa kể, việc không cho phép nhập khẩu vàng nguyên liệu cũng tạo ""đất"" cho buôn lậu mặt hàng này.
Những ngày cuối năm 2023, giá vàng miếng liên tục nhảy múa. Trong khi vàng nhẫn, nữ trang ổn định trong khoảng 63-64 triệu đồng mỗi lượng, giá vàng miếng SJC có lúc vọt lên mức kỷ lục hơn 80 triệu đồng mỗi lượng. Những ngày sau đó, giá vàng miếng liên tục tăng giảm, thậm chí trong vài giờ và chênh lệch so với thế giới vọt lên 20 triệu đồng. Biên độ mua - bán cũng bị đẩy lên 4-6 triệu đồng, thể hiện mức độ biến động cao của thị trường.
Thủ tướng đã chỉ đạo Ngân hàng Nhà nước điều hành, không để giá vàng nước chênh cao với thế giới. Bộ Công Thương, Công an và Tài chính được Ngân hàng Nhà nước đề nghị phối hợp thanh tra hoạt động mua bán vàng miếng, vàng nguyên liệu.
Minh Sơn"
Giá xăng tăng gần 1.000 đồng một lít,"Thứ năm, 25/1/2024, 14:30 (GMT+7)","Theo điều hành của liên Bộ Công Thương - Tài chính hôm nay, giá xăng RON 95-III (loại phổ biến trên thị trường) tăng 920 đồng, lên mức 23.400 đồng một lít; E5 RON 92 tăng 760 đồng, lên 22.170 đồng một lít.
Tương tự, các mặt hàng dầu cũng tăng giá (trừ dầu mazut) và có giá mới 20.540 - 20.370 đồng một lít so với cách đây 7 ngày.
Giá xăng, dầu sau thay đổi như sau:
Đơn vị: đồng/lít hoặc kg, tùy loại
Đây là lần thứ 3 từ đầu năm, giá xăng trong nước tăng giá. Kỳ điều hành hôm nay, liên Bộ tiếp tục không trích, chi sử dụng từ Quỹ bình ổn giá xăng dầu.
Nhà điều hành cho biết thị trường xăng dầu thế giới 7 ngày qua tăng do chịu tác động từ căng thẳng leo thang tại Trung Đông, nguồn cung xăng dầu tại Mỹ thắt chặt trong bối cảnh thời tiết lạnh gây gián đoạn sản xuất đã đẩy lực mua trên thị trường, tăng 4,5-5%.
Chẳng hạn, bình quân giá thành phẩm xăng dầu 7 ngày với RON 95 là 98,45 USD một thùng, tăng gần 5%. Dầu diesel cũng đắt thêm gần 1%, lên 101,65 USD một thùng. Riêng dầu mazut giảm về 432,02 USD mỗi tấn."
Gần triệu đồng một quả sầu riêng xuất đi Trung Quốc dịp Tết,"Thứ năm, 25/1/2024, 14:20 (GMT+7)","Vừa xuất bán vườn sầu riêng cho thương lái dịp cận Tết, chị Oanh ở Tiền Giang cho biết lần đầu bán xô (gồm cả loại lớn lẫn nhỏ) cả vườn với giá 140.000 đồng mỗi kg. ""Với hơn 1 tấn sầu riêng trái vụ, tôi thu được 140 triệu đồng"", chị Oanh nói.
Theo chị Thanh, thương lái tại các tỉnh miền Tây, sầu riêng tăng giá liên tục một tuần qua. Trong ngày, sáng, trưa và chiều có giá mua khác nhau. Nhất là với sầu riêng Monthong, có bao nhiêu hàng, chị đều thu hết với giá cao.
""Có ngày tôi mua được 1-2 tấn nhưng có hôm không được tấn nào vì hàng trái vụ khá khan hiếm, số thương lái đi mua lại tăng gấp 2-3 lần so với năm ngoái"", chị Thanh cho hay.
Ghi nhận tại kho của các doanh nghiệp miền Tây cho thấy, giá sầu riêng Monthong loại A (trọng lượng 2-5 kg) là 178.000-185.000 đồng. Với mức này, mỗi quả sầu riêng nặng 5 kg có giá gần một triệu đồng, tăng 23% so với tháng 12/2023 và tăng 50% so với chính vụ năm ngoái. Tương tự, sầu riêng Ri 6 loại A từ 125.000-135.000 đồng một kg.
Đại diện Công ty đầu tư phát triển Vạn Hòa cho biết giá sầu riêng biến động liên tục do thị trường Trung Quốc có nhu cầu cao. Các đơn đặt hàng lớn nhưng nguồn cung nhỏ giọt càng đẩy giá tăng mạnh.
""Thời điểm trước, thương lái chở hàng tới kho bán, nay kho muốn có hàng lấp đầy container buộc phải xuống tận nhà vườn thăm và thu mua nhưng cũng không đủ đáp ứng đơn đặt hàng"", đại diện doanh nghiệp này nói.
Theo ông Đặng Phúc Nguyên, Tổng thư ký Hiệp hội Rau quả Việt Nam, sầu riêng là loại trái cây được Trung Quốc ưa chuộng. Đặc biệt, nhu cầu biếu tặng dịp Tết ở Trung Quốc cao khiến chúng rất hút hàng. Thời điểm này, sầu Thái hết vụ nên hàng Việt ""một mình một chợ"". Trong khi đó, nguồn cung hàng trái vụ số lượng hạn chế. Do đó, dự báo giá sầu riêng còn tiếp tục tăng khi nguồn cung khan hiếm.
Dữ liệu từ Tổng cục Hải quan cho thấy năm 2023, kim ngạch xuất khẩu rau quả tăng chủ yếu nhờ xuất khẩu quả sầu riêng tăng cao. Tính chung năm ngoái, xuất khẩu quả này đạt 2,1 tỷ USD, tăng 1,82 tỷ USD so với năm 2022. Trong đó, riêng sầu riêng xuất sang Trung Quốc với 2,03 tỷ USD, chiếm 99,4% tổng trị giá xuất khẩu nhóm hàng này.
Theo dữ liệu từ Tổng cục Hải quan Trung Quốc, xuất khẩu sầu riêng của Việt Nam sang nước này đã tăng từ mức gần 0 lên 4,63% thị phần, đạt 188 triệu USD năm 2022 và tăng vọt lên 31,82% trong 11 tháng đầu năm ngoái.
Sầu riêng đã trở thành loại trái cây cao cấp được tầng lớp trung lưu Trung Quốc ưa chuộng. Chúng cũng thường được mua làm quà biếu dịp Tết, quà tặng cho các cặp đôi trong dịp đính hôn hoặc kết hôn, các bà mẹ chồng tương lai.
Thi Hà"
Nhà vườn TP HCM lo thua lỗ vì mai Tết nở sớm,"Thứ tư, 24/1/2024, 16:35 (GMT+7)","Tất bật chăm sóc vườn mai hơn 2.000 cây, ông Huỳnh Văn Hải - chủ vườn mai Sáu Hải (phường Trường Thọ, thành phố Thủ Đức) - buồn bã khi 30% cây trong vườn đã nở hoa. ""Con số này cao gấp 3-4 lần các năm trước"", ông nói.
Trong khi đó, ông Năm, chủ vườn mai cùng địa bàn, cũng cho biết gần 400 cây đang đua nhau trổ hoa, chiếm hơn 40% trên tổng số mai mùa Tết trong vườn.
Nhiều chủ vườn khác ở thành phố Thủ Đức chung tâm trạng lo lắng vì vườn mai mỗi ngày nở bông càng nhiều trong khi còn hai tuần nữa mới đến Tết.
""Năm ngoái, hoa mai nở đúng thời điểm, gia đình tôi lãi cao. Còn năm nay, nhiều cây đã trổ bông gần hết nguy cơ mất trắng"", ông Hải cho hay.
Lý giải nguyên nhân, các nhà vườn cho rằng thời gian qua, TP HCM có thời tiết bất thường, xuất hiện các đợt mưa khiến nhiều cây mai trổ bông sớm. Ngoài ra, nay là năm nhuận nên số ngày canh tác kéo dài, nhiều cây có tỷ lệ đậu bông sớm đã bung nở.
Không chỉ lo thua lỗ vì mai nở sớm, theo các nhà vườn, năm nay sức mua trên thị trường yếu cũng là thách thức lớn.
Ông Sáu Hoàng, ở Thủ Đức cho biết đến nay, giá thuê mai giữ nguyên, thậm chí giảm vì sức mua rất chậm, chỉ bằng 50% so với năm ngoái.
Ngoài ra, người tiêu dùng thắt chặt chi tiêu nên ưu tiên chọn những cây có giá trị thấp, tầm vài ba trăm nghìn đến 5 triệu đồng. Với những cây mai có giá thuê trên 10 triệu đồng, số lượng khách đặt giảm 40% so với năm ngoái. Do đó, nhiều nhà vườn cho biết đang hạ giá thuê 5-10% so với mọi năm để kích cầu.
Với những nhà vườn có mai đang nở sớm, họ khắc phục những chậu này bằng cách vặt bỏ hoa đã nở, số nụ còn lại trên cây được che chắn và dùng kỹ thuật để kìm hãm giúp chúng có thể nở đúng dịp Tết.
Theo báo cáo của Sở Nông nghiệp và Phát triển Nông thôn các tỉnh thành phía Nam, năm nay không chỉ mai Tết mà hầu hết nhà vườn trồng hoa khác cũng đều lo lắng thua lỗ vì sức mua ảm đạm, nhiều hộ tính đến chuyện bỏ nghề.
Tại Đà Lạt - thủ phủ hoa miền Nam - cho biết vụ Tết năm nay, các nhà vườn đã cắt giảm diện tích trồng 10-30%. Thay vào đó, họ tập trung khâu chăm sóc để hoa đạt sản lượng và chất lượng tốt nhất với hy vọng là giá cả dịp cận Tết sẽ nhích hơn.
Thi Hà"
"Ngân hàng tiếp tục hạ giá du thuyền của FLC thêm 2,6 tỷ đồng","Thứ hai, 22/1/2024, 18:52 (GMT+7)","Đây là tài sản được Tập đoàn FLC thế chấp tại Ngân hàng Đầu tư và Phát triển Việt Nam - BIDV chi nhánh Quy Nhơn. Du thuyền này lần đầu được đưa ra đấu giá tháng 11/2022 với giá khởi điểm gần 36 tỷ đồng.
Theo thông báo, phiên đấu giá du thuyền FLC Alabatross sẽ được tổ chức lần thứ 7 vào ngày 29/1 tại TP HCM. Người muốn tham gia đấu giá cần đặt cọc trước khoảng 2,3 tỷ đồng.
Như vậy, sau hơn một năm, du thuyền triệu USD của FLC vẫn ""ế"" khách mua và giá khởi điểm giảm gần 13 tỷ đồng so với lần rao bán đầu tiên.
Du thuyền của FLC thuộc dòng Galeon 660 Fly được đóng tại Ba Lan năm 2017. FLC Albatross có chiều dài thiết kế gần 22 m, rộng hơn 5 m, chiều cao mạn 3,15 m. Du thuyền có 4 phòng ngủ, quầy bar, khu tắm nắng, nơi tổ chức tiệc. Tàu có sức chứa theo đăng ký là 12 người.
Hiện tại, du thuyền được neo tại bến Sa Kê ở phường 13, quận Bình Thạnh, TP HCM do FLC quản lý và bảo quản. Phương tiện này được đăng ký từ tháng 11/2018.
Ngoài du thuyền, sau khi cựu Chủ tịch FLC Trịnh Văn Quyết vướng vào lao lý, các ngân hàng thu hồi một số tài sản đắt tiền khác của ông và doanh nghiệp để bán đấu giá xử lý nợ. Năm ngoái, sau nhiều lần bất thành, hai chiếc xe siêu sang Rolls- Royce của ông Quyết cũng tìm được chủ mới sau khi giá khởi điểm được giảm hàng tỷ đồng.
Anh Tú"
Giá USD tự do vượt 25.000 đồng,"Thứ hai, 22/1/2024, 16:32 (GMT+7)","Các điểm thu mua ngoại tệ trên thị trường nâng mạnh giá mua bán USD thêm gần 200 đồng so với cuối tuần, lên 24.980 - 25.080 đồng một USD.
Nếu so với đầu tháng, mỗi USD chợ đen tăng 260 đồng chiều mua vào và 300 đồng chiều bán ra, tương đương mức tăng 1-1,2%. Nhưng so với vùng giá kỷ lục thiết lập tháng 10/2022, hiện giá đôla Mỹ trên thị trường chợ đen vẫn kém hơn khoảng 250 đồng một USD.
Giá USD tự do tăng mạnh thời gian gần đây và đang tạo cách biệt so với tỷ giá ngân hàng. Ở chiều mua vào, giá USD tự do cao hơn khoảng 600 đồng và chiều bán ra vênh khoảng 400 đồng một USD.
Các chủ cửa hàng giải thích giá đôla Mỹ tăng do nhu cầu cao hơn. Chủ hiệu vàng lớn trên đường Lê Lợi, quận 1 cho biết mấy ngày qua, ngoài thị trường lan truyền thông tin về các doanh nghiệp sắp đến kỳ đáo hạn trả nợ vay ngoại tệ, nên nhiều người tranh thủ mua USD vào vì sợ nguồn đôla khan hiếm.
Diễn biến trên đang ngược chiều với giá USD chính thức. Sáng nay, tỷ giá trung tâm giảm 6 đồng so với cuối tuần trước, ở mức 24.031 đồng. Các ngân hàng thương mại được phép niêm yết giá mua bán USD với biên độ 5% so với tỷ giá trung tâm, tức trong vùng 22.829 - 25.232 đồng.
Giá USD mua bán tại các ngân hàng đầu ngày cũng giảm nhẹ so với cuối tuần. Vietcombank yết tỷ giá tại 24.335 - 24.705 đồng; tỷ giá tại Eximbank là 24.300 - 24.690 đồng.
Chuyên gia của Công ty chứng khoán SSI cho rằng tỷ giá có thể chịu áp lực từ nhu cầu nhập khẩu tăng mạnh giai đoạn trước Tết Nguyên đán và cần được theo dõi thêm. Thông thường, nguồn cung ngoại tệ như kiều hối và giải ngân FDI vẫn có thể bù đắp được nhu cầu nhập khẩu tăng lên này. Trong khi đó, giám đốc ngoại hối của một nhà băng nước ngoài cho biết cung cầu trên thị trường liên ngân hàng vẫn ổn định và không có bất thường.
Chỉ số USD Index đo lường sức mạnh của đồng bạc xanh vài ngày gần đây duy trì trên 103 điểm, cao nhất một tháng qua.
Theo dự báo của Ngân hàng UOB, tiền đồng có thể mạnh lên theo xu hướng chung của các đồng tiền trong khu vực châu Á, tuy nhiên vẫn bị hạn chế do kinh tế tăng trưởng khiêm tốn trong 2024. UOB dự báo tỷ giá USD/VND sẽ giao dịch quanh 24.000 đồng trong quý I năm nay sau đó giảm dần trong các quý tiếp theo.
Trong bối cảnh Cục dự trữ liên bang Mỹ (Fed) ra tín hiệu cắt giảm lãi suất, Techcombank dự báo tỷ giá USD/VND đi ngang trong thời gian nửa đầu năm và có xu hướng giảm nhẹ 2% trong nửa cuối năm theo chỉ số đồng bạc xanh.
Quỳnh Trang"
Xuất khẩu rau quả tăng đột biến tháng đầu năm,"Thứ hai, 22/1/2024, 14:01 (GMT+7)","Số liệu sơ bộ từ Hiệp hội Rau quả công bố dựa trên tính toán từ hải quan . Theo đó, đây cũng là tháng đầu năm có tăng trưởng cao nhất so với các năm trước đây.
Xuất khẩu rau quả tháng đầu năm tăng mạnh do các sản phẩm sầu riêng, chuối, thanh long được Trung Quốc mua nhiều. Hiện, các đợt lạnh liên tục khiến nguồn cung chuối nội địa của Trung Quốc hạn chế. Nhiệt độ xuống thấp, trái chuối trên cây bị bầm đen không bán được. Thị trường Trung Quốc khan hàng giúp hoạt động xuất khẩu chuối Việt Nam thuận lợi hơn.
Ngoài ra, giữa năm, thanh long Trung Quốc dồi dào, nay đang hết vụ. Theo truyền thống, người Trung Quốc rất thích dùng quả thanh long làm vật phẩm thờ cúng trong Tết nên nhu cầu tăng cao. Mùa tiêu thụ thanh long của Việt Nam tại thị trường Trung Quốc thường kéo dài từ đầu năm đến cuối tháng 5 hàng năm.
Ông Nguyên kỳ vọng, năm nay ngoài hoạt động xuất khẩu sầu riêng thuận lợi, việc Trung Quốc mở cửa cho dưa hấu và các loại trái cây đông lạnh và chế biến của Việt Nam sẽ giúp kim ngạch đến 6,5 tỷ USD. Hiện nay chất lượng rau quả Việt Nam ngày càng được nâng cao và bảo đảm các tiêu chí vào nhiều thị trường.
Trong chuyến thăm mới đây của Chủ tịch Tập Cận Bình, phía Trung Quốc cho biết sẽ mở thị trường cho nhiều loại nông sản tiềm năng của Việt Nam, gồm dừa tươi, sản phẩm trái cây đông lạnh, hoa quả có múi, bơ, na, roi của Việt Nam xuất sang nước này. Cũng trong chuyến thăm này, 2 bên đã ký nghị định thư về xuất khẩu dưa hấu.
Ngoài Trung Quốc, Mỹ, EU cũng sắp mở cửa thêm cho nhiều loại trái cây Việt Nam. Nhà chức trách đang đàm phán mở cửa thị trường chanh leo sang Mỹ, Australia; bưởi sang Nhật Bản, Hàn Quốc, Australia, Ấn Độ; sầu riêng sang Ấn Độ.
Khảo sát tại các thủ phủ trái cây thanh long, sầu riêng, chuối của Việt Nam. Hiện giá các sản phẩm này đang tăng cao do nguồn cung giảm. Giá thanh long ruột trắng loại 1 thu mua tại vườn có giá 16.000 đồng một kg. Sầu riêng dao động 90.000-110.000 đồng một kg.
Thi Hà"
'Năm 2024 là thời điểm vàng xuất khẩu online',"Chủ nhật, 21/1/2024, 15:09 (GMT+7)","""Đây là thời điểm vàng để các thương hiệu Việt Nam tiến ra thị trường thế giới"", ông Randolph Ng, Giám đốc khách hàng mới khu vực Đông Nam Á, Australia, Ấn Độ của Google châu Á - Thái Bình Dương nhận định tại ''Diễn đàn Vietnam Brand Scale Up"" vừa diễn ra tại TP HCM.
Thời cơ này, theo ông Randolph Ng, nhờ vào thương mại điện tử xuyên biên giới dự báo tiếp tục phát triển ít nhất 15% mỗi năm các năm tới. Nghiên cứu của Juniper Research (Anh) cho hay quy mô thị trường này năm 2023 ước đạt 1.600 tỷ USD và sẽ vượt 3.000 tỷ USD vào 2028.
Cùng với đó, các nhà sản xuất và thương hiệu Việt Nam đang ""có vị thế rất tốt"" để nắm bắt cơ hội xuất khẩu, theo chuyên gia của Google. Nhiều sản phẩm như may mặc, phụ kiện, nội thất, gia dụng, mỹ phẩm và chăm sóc sức khỏe đã hiện diện các chợ trực tuyến bán lẻ, bán sỉ quốc tế.
Đặc biệt, các thị trường xuất khẩu lớn của Việt Nam đều đang có mức độ thâm nhập về thương mại điện tử xuyên biên giới khá cao. Theo số liệu của nền tảng eMaketer, mức độ thâm nhập của thị trường Mỹ và Trung Quốc là hơn 31%.
Tại châu Âu, tỷ lệ này còn cao hơn, dao động từ trên 33% đến khoảng 51% tại 5 nền kinh tế hàng đầu gồm: Đức, Anh, Pháp, Italy, Tây Ban Nha. Mức độ thâm nhập được tính bằng tỷ lệ người khảo sát cho biết từng mua hàng online nước ngoài trong năm.
Bà Trần Tuệ Tri, Cố vấn Vietnam Brand Purpose, tác giả sách ""Thương hiệu Việt Nam - Thời khắc vàng"" cũng đồng quan điểm đang có ""thời điểm vàng"". Ngoài thị trường phát triển, bà Tri cho rằng cơ hội còn nằm ở các lợi thế sản xuất và tiêu thụ. Trong đó, tài nguyên phong phú và tinh hóa di sản văn hóa là điều kiện có thể tận dụng. Bên ngoài, lượng kiều bào đông đảo cũng là lực lượng ủng hộ.
Ông Đồng Thanh Sơn, Đồng sáng lập thương hiệu mỹ phẩm Abera trải nghiệm được những lợi thế này khi xuất khẩu trực tuyến. Tiếp cận thị trường Mỹ thông qua sàn Shopify, Abera sau đó mở cửa hàng trên Amazon và đạt doanh số triệu USD trong năm đầu tiên, theo ông Sơn.
Thừa nhận thị trường mỹ phẩm online quốc tế cạnh tranh rất cao nhưng ông cho rằng hàng Việt vẫn ""có cửa"" nhờ nguồn dược liệu phong phú và bán hàng trên các sàn là một sân chơi công bằng. ""Tôi nghĩ vài năm nữa sản phẩm 'Made in Vietnam' sẽ phủ sóng toàn cầu"", ông Sơn tự tin.
Cũng tận dụng lợi thế về nguyên liệu và văn hóa bản địa, ông Nguyễn Trung Dũng, Tổng giám đốc Dh Foods, một công ty sản xuất gia vị, đã xuất khẩu sang Mỹ, Nhật, Hàn, Canada, châu Âu sau khi phủ sóng các siêu thị nội địa.
""Ẩm thực Việt Nam bắt đầu phổ biến thế giới, từ phở, bánh mỳ đến bún chả. Món ăn chúng ta đi đến đâu, gia vị Việt Nam đi đến đó"", ông Dũng nói. Nhà sáng lập Dh Foods cho rằng việc nhắm đến các thị trường phát triển là do ưa chuộng sản phẩm nguồn gốc tự nhiên và chấp nhận được giá cao.
Để tận dụng ""thời điểm vàng"", ông Randolph Ng khuyến nghị doanh nghiệp hoạt động đa kênh, bán trên nhiều sàn và cả tìm cách kết nối trực tiếp với người tiêu dùng. Họ có thể tận dụng tiếp thị trực tuyến và tìm kiếm các công cụ hỗ trợ về logistics, thanh toán, chăm sóc khách hàng.
Đồng thời, cần nắm bắt xu hướng. Nghiên cứu của Alibaba chỉ ra tính bền vững tiếp tục là trọng tâm năm nay. Người mua ngày càng đòi hỏi các sản phẩm có nguồn gốc thân thiện môi trường.
Khảo sát của hãng nghiên cứu thị trường Kantar chỉ ra các điểm tương tự. Theo đó, 2 trong 5 ưu tiên hàng đầu của người tiêu dùng toàn cầu khi lựa chọn sản phẩm là thành phần 100% tự nhiên và 100% bao bì tái chế.
Bà Nguyễn Phương Nga, Giám đốc Khối kinh doanh Kantar Việt Nam lưu ý thương hiệu có thể truyền thông về tính bền vững của sản phẩm để hút khách nhưng phải gắn các câu chuyện nguồn gốc, quy trình sản xuất với lợi ích cụ thể cho người mua để đạt hiệu quả.
Ngoài ra, cải tiến mẫu mã, bao bì và liên tục ra mắt sản phẩm mới là cách cạnh tranh, cả với thị trường trong nước lẫn xuất khẩu. Ông Nguyễn Trung Dũng cho hay công ty đang có khoảng 100 loại sản phẩm (SKU), có lúc đỉnh điểm đến 200 SKU. ""Đôi khi ra 2-3 sản phẩm mới một cái thành công. Nhiều sản phẩm cũng để khách hàng dễ lựa chọn. Với xuất khẩu, có sản phẩm không được chuộng ở thị trường này nhưng bán tốt ở thị trường khác"", ông Dũng nêu.
Khảo sát của Kantar Việt Nam cho hay, trong nửa đầu năm 2023, trung bình mỗi ngày có 32 sản phẩm mới ngành tiêu dùng được tung ra thị trường nội địa mỗi ngày, gấp đôi so với năm 2014, với 16 sản phẩm. Người tiêu dùng được cho là ngày càng ít trung thành, yêu thích trải nghiệm cái mới.
""Nếu không đổi mới thì đối thủ đổi mới. Thị trường đang ngày càng cạnh tranh về số lượng sản phẩm mới tung ra mỗi ngày"", bà Nguyễn Phương Nga nhận định.
Dỹ Tùng"
Jackpot 48 tỷ đồng có chủ,"Thứ sáu, 19/1/2024, 21:56 (GMT+7)","Số trúng thưởng này trong kỳ quay số mở thưởng lần thứ 1.149 của sản phẩm Mega 6/45 tối nay (19/1). Dãy số may mắn trong kỳ quay số mở thưởng lần này là 08-15-20-24-43-44.
Theo quy định của Bộ Tài chính, khách hàng may mắn trúng giải độc đắc sẽ phải đóng thuế thu nhập cá nhân 10%. Theo đó, vị khách hàng trúng giải Jackpot hôm nay sẽ phải nộp khoản tiền hơn 4,8 tỷ đồng thuế thu nhập cá nhân vào ngân sách địa phương phát hành vé số Mega 6/45 trúng giải nói trên. Sau khi thực hiện nghĩa vụ thuế, người trúng giải độc đắc trên sẽ nhận về khoản tiền thực lĩnh hơn 43 tỷ đồng.
Cũng trong kỳ quay thưởng này, Vietlott còn tìm ra 27 giải nhất với mỗi giải trị giá 10 triệu đồng, 1.397 giải nhì mỗi giải trị giá 300.000 đồng và 24.768 giải ba với mỗi giải trị giá 30.000 đồng.
Người trúng thưởng có 60 ngày từ khi công bố giải thưởng để lĩnh thưởng. Quá thời hạn trên, giải sẽ bị hủy và sung vào hạng mục thu nhập khác của Vietlott.
Năm 2023, Vietlott ghi nhận doanh thu đạt hơn 6.327 tỷ đồng, tăng trưởng 8% so với năm 2022. Với 55% doanh thu dành cho trả thưởng, đơn vị đã trả 3.462 tỷ đồng đến 24,1 triệu vé trúng thưởng.
Đối với các sản phẩm xổ số tự chọn số ma trận (Mega 6/45, Power 6/55), Vietlott ghi nhận có hơn 4,8 triệu vé trúng thưởng. Đối với các sản phẩm xổ số tự chọn số dãy số (Max 3D/3D+, Max 3D Pro), tổng số hơn 830.000 vé trúng. Loại hình xổ số quay nhanh với tính chất quay số mở thưởng liên tục, ghi nhận số lượng vé trúng cao như sản phẩm Keno có hơn 17,5 triệu vé.
Thi Hà"
"Heo nhập lậu ồ ạt vào Việt Nam, người chăn nuôi kêu cứu","Thứ sáu, 19/1/2024, 09:50 (GMT+7)","Trong đơn gửi tới Thủ tướng mới đây, Hiệp hội chăn nuôi Đồng Nai cho biết 2 tuần đầu năm, mỗi đêm có 6.000-7.000 con heo từ Campuchia nhập lậu vào Việt Nam. Theo tính toán của hiệp hội này, số lượng heo nhập lậu đang chiếm khoảng 30% sản lượng chăn nuôi trong nước bán ra mỗi ngày. Với giá bán chỉ trên dưới 50.000 đồng một kg heo hơi, khiến người chăn nuôi trong nước thua lỗ vì phải bán dưới giá thành sản xuất.
Ngoài ra, hiệp hội cho rằng heo nhập lậu tràn lan làm tăng nguy cơ lây lan dịch bệnh. Tương lai, đàn heo nội địa sẽ ảnh hưởng nghiêm trọng gây thiếu hụt nguồn cung trong nước.
""Nhiều năm qua, ngành chăn nuôi trong nước đã chịu áp lực từ dịch bệnh Covid-19, dịch tả heo Châu Phi ... nên thua lỗ liên miên. Nhiều trang trại hoặc hộ chăn nuôi phải giảm đàn, ngưng sản xuất"", ông Nguyễn Trí Công, Chủ tịch Hiệp hội Chăn nuôi Đồng Nai, nêu trong đơn.
Do đó, hiệp hội này kiến nghị Thủ tướng, Bộ trưởng Bộ Nông nghiệp và Phát triển Nông thôn chỉ đạo các cơ quan chức năng lập các đoàn công tác kiểm tra, ngăn chặn việc vận chuyển, buôn bán trái phép heo vào Việt Nam trên tuyến biên giới, cửa khẩu, đường mòn. Đồng thời, nhà chức trách chỉ đạo hướng dẫn các đơn vị tuyên truyền nâng cao nhận thức người dân khu vực biên giới trong công tác phòng, chống dịch, gian lận thương mại, cũng như hỗ trợ việc tiêu hủy khi có số lượng lớn heo buộc phải tiêu hủy để ngăn chặn dịch bệnh lây lan.
Trước đó, trong năm 2023, hiệp hội này đã 2 lần kiến nghị Thủ tướng về tình trạng heo nhập lậu ồ ạt vào Việt Nam. Trong đó, hiệp hội cũng từng gửi tâm thư tới Thống đốc Ngân hàng Nhà nước Nguyễn Thị Hồng mong muốn có những chính sách cứu nguy khẩn cấp cho ngành chăn nuôi.
Theo hiệp hội, cách đây 10 năm, cả nước có 10 triệu hộ chăn nuôi, đến 2021 còn 4 triệu hộ, nay còn không tới 2 triệu hộ. Nếu không sớm ngăn chặn nhập lậu và có các giải pháp đồng bộ, nhiều vùng có nguy cơ bị xóa sổ về chăn nuôi.
Ghi nhận của VnExpress cho thấy, từ tháng 10/2023 đến nay, giá heo hơi liên tục giảm mạnh về 46.000 đồng một kg, thấp hơn so với giá thành 8.000-10.000 đồng, điều này khiến nhiều hộ nuôi heo lâm cảnh khó khăn.
Vài ngày gần đây, giá heo hơi đã bắt đầu tăng trở lại nhưng nhiều khu vực vẫn còn ở mức thấp, dao động 52.000-58.000 đồng một kg.
Thi Hà"
EU sẽ kiểm tra dư lượng thuốc trừ sâu với sầu riêng Việt Nam,"Thứ sáu, 19/1/2024, 10:06 (GMT+7)","Ủy ban châu Âu hôm 17/1 đăng công báo cập nhật các biện pháp tăng cường kiểm soát chính thức và khẩn cấp tạm thời với hàng hóa nhập vào Liên minh châu Âu (EU). Trong đó, lần đầu sầu riêng tươi lẫn đông lạnh của Việt Nam vào thị trường này bị đưa vào diện kiểm tra dư lượng thuốc trừ sâu ngay tại cửa khẩu, với tần suất 10%.
Theo lý giải của EU, dữ liệu từ Hệ thống cảnh báo nhanh về thực phẩm và thức ăn chăn nuôi (RASFF) cùng thông tin về các biện pháp kiểm soát chính thức của các quốc gia thành viên, cho thấy có sự xuất hiện của những rủi ro mới với sức khỏe con người do khả năng bị ô nhiễm bởi dư lượng thuốc trừ sâu. Do đó, EU phải yêu cầu tăng cường mức độ kiểm soát chính thức việc nhập khẩu các lô hàng sầu riêng từ Việt Nam.
Cùng với sầu riêng, còn 2 mặt hàng khác của Việt Nam cũng vào diện chịu giám sát an toàn thực phẩm tại cửa khẩu là ớt chuông và mỳ ăn liền, với tần suất kiểm tra tương ứng 50% và 20%.
Trong khi đó, cập nhật mới giữ nguyên hai mặt hàng khác của Việt Nam là đậu bắp và thanh long trong phụ lục II, tức thêm yêu cầu giấy chứng nhận chất lượng, với tần suất kiểm tra tương ứng là 50% và 20% tại cửa khẩu EU.
Việt Nam không phải trường hợp cá biệt có hàng hoá bị siết chặt kiểm tra an toàn thực phẩm của EU. Quy định cập nhật lần này bổ sung hơn 100 mặt hàng cần kiểm tra ngay tại biên giới đến từ 27 nước.
Theo số liệu của Tổng cục Hải quan, 11 tháng đầu 2023, xuất khẩu sầu riêng Việt Nam đạt gần 2,2 tỷ USD, tăng 4,8 lần so với cùng kỳ 2022. Ngoài thị trường tiêu thụ chính là Trung Quốc, sầu riêng còn được bán đi hơn 20 thị trường khác. Trong đó, một số thị trường châu Âu tăng mua mạnh. Ví dụ, xuất khẩu sầu riêng tươi sang Czech tăng hơn 28.000%, sang Pháp tăng 32%.
Quy định mới của châu Âu sẽ có hiệu lực 20 ngày sau ngày đăng công báo, tức khoảng đầu tháng 2/2024.
Dỹ Tùng"
Giá xăng lên gần 22.500 đồng một lít,"Thứ năm, 18/1/2024, 14:46 (GMT+7)","Theo điều hành của liên Bộ Công Thương - Tài chính hôm nay, giá xăng RON 95-III (loại phổ biến trên thị trường) tăng 550 đồng, lên mức 22.480 đồng một lít; E5 RON 92 tăng 379 đồng, lên 21.410 đồng một lít.
Tương tự, các mặt hàng dầu cũng tăng giá (trừ dầu mazut) và có giá mới 20.190-20.530 đồng một lít so với cách đây 7 ngày.
Như vậy đây là lần tăng giá thứ hai liên tiếp của nhiên liệu trong nước từ đầu tháng 1.
Giá xăng, dầu sau thay đổi như sau:
Đơn vị: đồng/lít hoặc kg, tùy loại
So với cuối năm ngoái, mỗi lít RON 95-III đắt thêm 340 đồng sau hai lần tăng và một kỳ điều chỉnh giảm. Tương tự, E5 RON 92 và dầu diesel tăng lần lượt 230 và 410 đồng.
Kỳ điều hành hôm nay, liên Bộ tiếp tục không trích, chi sử dụng từ Quỹ bình ổn giá xăng dầu.
Liên Bộ Công Thương-Tài chính cho biết thị trường xăng dầu thế giới 7 ngày tăng do chịu tác động từ căng thẳng leo thang tại Trung Đông, đà phục hồi kinh tế Trung Quốc thấp hơn dự kiến. Căng thẳng tại Biển Đỏ và việc đồng USD lên giá cũng khiến giá nhiên liệu tăng gần 0,7-3%, tù y loại.
Chẳng hạn, bình quân giá thành phẩm xăng dầu 7 ngày với RON 95 là 101,43 USD một thùng, tăng gần 2,7%. Dầu diesel cũng đắt thêm 2,4%, lên 100,84 USD một thùng. Riêng dầu mazut giảm về 443,72 USD mỗi tấn, tương đương hạ 3%."
Nhiều hàng hóa giảm giá mạnh dịp cận Tết,"Thứ năm, 18/1/2024, 14:36 (GMT+7)","Chị Loan, công nhân nhà máy điều ở Linh Trung (Thủ Đức), cho hay dịp gần Tết năm nay ra chợ mua thực phẩm đã không còn lo lắng tăng giá như mọi năm. ""Trứng, thịt, rau củ giảm 10-30% so với cùng kỳ năm ngoái"", chị Loan nói.
Tương tự, chị Mai Anh ở quận 5 (TP HCM) cho rằng các mặt hàng phục vụ cho đồ cúng cuối năm như gà, giò, chả, hành kiệu hiện đều giảm hoặc giữ giá so với năm ngoái.
Ghi nhận của VnEpress tại các chợ truyền thống cho thấy nhóm rau xanh rớt giá mạnh nhất. Cụ thể, các loại rau như xà lách, cải xoong, cải xanh dao động 25.000-35.000 đồng một kg, trong khi năm ngoái nhóm này có giá 40.000-60.000 đồng. Nhóm hàng rau gia vị như cà chua, dưa leo, hành lá 20.000-40.000 đồng một kg (tùy loại), giảm 20-50% so với năm ngoái. Trong đó, cà chua giảm mạnh, xuống 20.000-35.000 đồng một kg.
Với nhóm rau dùng để ăn kèm ngày Tết như củ kiểu, đu đủ, su hào, mọi năm thường có giá đắt đỏ lên 50.000-100.000 đồng một kg, nay nhiều loại giảm 50%.
Thực phẩm tươi sống như thịt heo, bò, gà cũng hạ 5-20%. Hiện thịt heo ba chỉ tại các chợ truyền thống giảm từ 160.000 đồng một kg xuống 120.000-140.000 đồng; cánh và đùi gà công nghiệp còn 60.000 đồng, giảm 15.000 đồng. Gà ta thả vườn 120.000-140.000 đồng một kg, giảm 5%. Tôm bạc, càng xanh cũng giảm 20%, xuống 140.000-200.000 đồng mỗi kg. Các loại cá đồng như điêu hồng, lóc đồng loạt giảm 5.000-10.000 đồng mỗi kg so với cùng kỳ năm ngoái.
Sức mua tại các siêu thị cũng yếu nên nhiều nơi như Winmart, Go!, Co.opmart... tung nhiều chương trình khuyến mãi để kích cầu.
Ông Nguyễn Tiến Dũng - Phó tổng giám đốc chuỗi WinMart - cho biết mùa mua sắm Tết năm nay, hệ thống có 600 sản phẩm khuyến mãi tới 50%. Ngoài ra, công ty phối hợp cùng các đối tác xây dựng các ""sản phẩm giá sốc kèm tặng quà"" tại hơn 3.600 điểm bán trên toàn quốc.
Trong khi đó, theo đại diện Saigon Co.op, bên cạnh khuyến mãi tại siêu thị, hệ thống sẽ chọn hàng nghìn sản phẩm được giảm giá 10-30% để đưa vào chương trình bán hàng lưu động phục vụ công nhân, người nghèo sắm Tết ở tất cả quận, huyện tại TP HCM.
Tại Tập đoàn Central Retail, Giám đốc truyền thông Nguyễn Thị Bích Vân, cho hay đang khuyến mãi hơn 40 sản phẩm thịt heo, chương trình khuyến mãi lớn nhất trong năm. Lễ hội thịt heo sẽ áp dụng 2 dạng: giảm giá tới 30% và giảm giá sốc mỗi ngày lên tới 40% cho những người tiêu dùng có thẻ thành viên.
Đồng hành cùng các hệ thống siêu thị và chuỗi cửa hàng, ông Phan Văn Dũng, Phó tổng giám đốc Vissan cho biết ngoài giảm giá kéo dài, từ 6/2-9/2 (tức 27-30 tháng Chạp) công ty sẽ có các chương trình giảm giá sốc, sâu dành cho khách hàng mua sắm Tết ""trễ"" với giá ưu đãi 10-30%.
Ông Trương Chí Thiện, Tổng giám đốc Công ty cổ phần Thực phẩm Vĩnh Thành Đạt (V.food) nhìn nhận năm nay sức mua giảm nhẹ so với cùng kỳ năm ngoái và giá bán đang giảm 10%. Do đó, lượng hàng chuẩn bị cho cao điểm Tết 2024 của doanh nghiệp dựa theo kế hoạch của năm trước, chứ không tăng thêm. Dự kiến những ngày cao điểm Tết, công ty sẽ cung ứng ra thị trường 1,3-1,5 triệu trái trứng mỗi ngày.
Lý giải nguyên nhân giá giảm mạnh, các doanh nghiệp và tiểu thương cho rằng chủ yếu do sức mua yếu.
Chị Lan Anh, tiểu thương chợ Xóm Mới (Gò Vấp), cho biết 3 ngày nay tạm nghỉ bán vì sức mua tại chợ vẫn ì ạch. ""Nếu năm ngoái, trước Tết một tháng, khách đã hỏi củ kiệu, dưa muối và các loại củ để dành cho Tết, năm nay vẫn chưa có các đơn đặt hàng cho món này"", chị Lan Anh chia sẻ.
Tương tự, theo chị Huyền, tiểu thương bán thịt tại chợ Bà Chiểu (Bình Thạnh), chỉ còn hơn 3 tuần là đến Tết nhưng lượng đặt hàng chỉ bằng khoảng 50% so với cùng kỳ năm ngoái.
Trong khi đó, nguồn cung hàng hóa năm nay khá dồi dào khiến giá cả rẻ hơn so với mọi năm. Đại diện chợ đầu mối nông sản Thủ Đức cho biết, lượng hàng nhập chợ đang cao hơn nhiều so với các năm trước.
Theo Bộ Nông nghiệp và Phát triển Nông thôn, hiện tổng đàn heo cả nước đến cuối năm 2023 khoảng 30,3 triệu con, tăng trên 4% so với cùng kỳ năm 2022. Sản lượng thịt hơi các loại đạt trên 7,6 triệu tấn, trong đó gần 62% là heo hơi, còn lại là gia cầm, thịt trâu, bò.
Ngoài ra, báo cáo của Bộ Nông nghiệp và Phát triển Nông thôn, cho thấy giá hàng hóa cơ bản toàn cầu đang trong xu hướng giảm. Kinh tế thế giới tăng trưởng chậm tác động của các cuộc chiến tranh, dịch bệnh khiến sức mua toàn cầu đi xuống đẩy giá nhiều thực phẩm giảm theo. Do đó, lượng hàng hóa thực phẩm vào Việt Nam năm 2023 tăng mạnh. Nhiều mặt hàng nhập khẩu có giá thấp hơn so với hàng nội địa như heo, gà, trái cây...
Ông Lê Hoàng Phong, Phó giám đốc Chợ đầu mối nông sản thực phẩm Hóc Môn, cho biết trước tết 1 tháng, chợ sẽ tăng lượng hàng khoảng 8% so với năm 2023, tương ứng 2.500 tấn một ngày đêm. Từ ngày 4 đến 9/2 (25-30 tháng Chạp), lượng hàng tăng khoảng 10%, có ngày tăng tới 50% so với bình thường. Tuy nhiên, với sức mua như hiện nay, ông Phong cho rằng doanh thu của chợ Tết năm nay kỳ vọng bằng năm ngoái, khó tăng mạnh do sức mua yếu.
Thi Hà"
Giá cà phê lập đỉnh mới,"Thứ tư, 17/1/2024, 15:59 (GMT+7)","Một tháng qua, cà phê vào vụ thu hoạch, giá liên tục tăng. Ngày 17/1, mỗi kg giá cà phê nhân trong nước là 72.500 đồng, tăng 2% so với một ngày trước. Mức này cao hơn 86% so với đầu năm ngoái và là lần thứ 3 giá cà phê lập đỉnh, từ tháng 6/2023.
Giá nông sản này tăng mạnh, theo Hiệp hội Cà phê ca cao Việt Nam, do lo ngại nguồn cung thiếu hụt từ châu Á khi tuyến vận chuyển qua kênh đào Suez bị tắc nghẽn vì căng thẳng tại Biển Đỏ.
Căng thẳng trên tuyến đường vận chuyển chính từ châu Á sang châu Âu khiến chi phí logistics tăng 1.000-2.000 USD, theo ước tính của Cục Xuất nhập khẩu (Bộ Công Thương). Việt Nam là nước xuất khẩu cà phê thứ hai thế giới, nên cũng chịu tác động từ căng thẳng này.
Giá tăng, thương lái liên tục gom mua tại các vùng trồng trọng điểm của Tây Nguyên, như Đăk Lăk, Đăk Nông, Gia Lai, Kon Tum.
Chị Thanh Hoa, nhà vườn ở Đăk Lăk, cho biết mỗi ngày có 4-5 thương lái ngỏ ý mua 7 tấn cà phê với giá cao, nhưng chị vẫn trữ hàng, để dành qua Tết Nguyên đán mới bán. Nhiều năm kinh nghiệm trồng cà phê, chị dự đoán giá mặt hàng này có thể cán mốc 75.000 đồng một kg năm nay.
Theo giới phân tích, phần lớn cà phê Robusta tiêu thụ tại châu Âu được nhập từ Việt Nam, nên nhiều khả năng giá cà phê Việt vẫn tiếp đà tăng trong năm nay, thậm chí cao nhất thế giới.
Trước đó, hồi tháng 6/2023, giá cà phê nhân tăng từ 39.000 đồng một kg lên 67.000 đồng do ""EL Nino xuất hiện"", khiến nhiều vùng trồng cà phê thế giới rơi vào cảnh mất mùa. Ba tháng sau đó, giá lên 68.000 đồng một kg khi nguồn cung giảm mạnh.
Cùng xu hướng đi lên của thị trường trong nước, giá cà phê trên thị trường thế giới cũng neo ở mức cao. Mỗi kg cà phê Robusta trên sàn London tăng 154 USD, dao động 2.792-3.141 USD một tấn. Trong đó, kỳ hạn giao hàng tháng 1 là 3.141 USD một tấn, cao nhất từ trước tới nay. Tương tự, giá cà phê Arabica trên sàn New York kỳ hạn giao hàng tháng 3 và tháng 5 tăng lần lượt 3,5% và 3,2% so với trước.
Dữ liệu báo cáo của sàn ICE London cho thấy, ngày 15/1 tồn kho Robustab ở mức 31.940 tấn, giảm gần 9% so với tuần trước, mức thấp kỷ lục từ tháng 9/2023.
Bộ Nông nghiệp Mỹ (USDA) dự báo niên vụ 2023-2024 sản lượng cà phê Robusta toàn cầu sẽ giảm năm thứ hai liên tiếp, xuống còn 74,1 triệu bao so với 76,6 triệu bao của niên vụ trước và là mức thấp nhất trong 4 niên vụ gần đây.
Thi Hà"
Cá kèo miền Tây tăng giá mạnh dịp giáp Tết,"Thứ tư, 17/1/2024, 11:53 (GMT+7)","Ông Trương Lập Định, ở ấp 5, xã Tân Thành, TP Cà Mau cho biết, ông và nhiều người nuôi cá kèo ở tại địa phương thường canh nuôi cá để kịp thu hoạch sát Tết, nhằm bán được giá cao.
Năm nay, ông thả mật độ thưa hơn các năm, do giá con giống tăng. Ông vừa bán được hơn 4 tấn cá kèo với giá 150.000 mỗi kg, trừ chi phí còn lãi hơn 400 triệu đồng.
Toàn tỉnh Cà Mau có hơn 50 hộ nuôi cá kèo với diện tích khoảng 40 ha. Trong đó, xã Tân Thành, TP Cà Mau có diện tích lớn nhất với hơn 40 hộ nuôi, diện tích hơn 25 ha. Thông thường, với giá bán 90.000-100.000 đồng mỗi kg, cứ 1.000 m2 nuôi, nông dân thu lãi 40-50 triệu đồng.
Cá kèo được thu hoạch sau khoảng 4 tháng nuôi, đạt kích cỡ 30-50 con mỗi kg. Nếu chưa được giá, người nuôi có thể nuôi thêm vài tháng trong ao.
Ông Hồ Quốc Trạng, Chủ tịch Hội Nông dân xã Tân Thành, cho biết giá cá kèo thương phẩm thường tăng cao mỗi dịp Tết Nguyên đán do nhu cầu người dân mua nguyên liệu để làm khô. ""Năm nay, sản lượng giảm khoảng 30% do con giống có giá quá cao"", ông Trạng nói, cho biết càng cận Tết, giá cá sẽ còn tăng thêm.
Theo các thương lái và nông dân, giá thương phẩm tăng cao do cá giống hiện phải khai thác từ những vùng biển trong khi sản lượng ngày càng giảm. Khoảng bốn tháng trước, cá giống bắt đầu tăng vọt lên 170 đồng mỗi con nhưng rất khan hiếm. Điều này khiến nhiều người chọn nuôi mật độ thưa hoặc loài thủy sản khác, dẫn đến sản lượng sụt giảm gần đây.
Cá kèo là loài thủy sản ăn tạp, thức ăn là phù du sinh vật đất, rong tảo, mùn bã hữu cơ và thức ăn công nghiệp. Ở các tỉnh miền Tây, nông dân có thể đào ao hoặc tận dụng ao nuôi tôm để nuôi luân canh cá kèo, diện tích 1.000-2.000 m2.
An Minh"
Hàng không tiếp tục tăng chuyến bay Tết,"Thứ ba, 16/1/2024, 12:04 (GMT+7)","Sáng 16/1, Vietnam Airlines Group cho biết sẽ tăng hơn 310 chuyến bay nội địa trong giai đoạn cao điểm Tết từ ngày 25/1 đến 24/2 (tức từ ngày 15 tháng Chạp năm Quý Mão đến 15 tháng Giêng năm Giáp Thìn).
Đợt tăng này nâng tổng số chuyến bay toàn mạng nội địa và quốc tế của Vietnam Airlines Group trong cao điểm Tết lên 2,64 triệu ghế, tương đương 12.374 chuyến bay, tăng 10% so với Tết năm ngoái.
Các chặng tăng cường tập trung nhiều nhất vào đường bay nội địa giữa TP HCM và Hà Nội, Đà Nẵng, Hải Phòng, Vinh, Thanh Hóa, Quy Nhơn, Huế, Quảng Nam, Tuy Hòa, Đà Lạt, Cam Ranh, Buôn Ma Thuột, Pleiku, Phú Quốc.
Trước đó, Cục Hàng không cũng đề nghị các hãng tăng thêm các chuyến bay đêm và đảm bảo an toàn bay cho hành khách. Lượng khách đặt chỗ vẫn tăng dần nên tỷ lệ đặt chỗ đang ở mức cao tại một số ngày sát Tết và chiều ngược lại sau Tết Nguyên đán.
Báo cáo mới đây của cơ quan này cũng cho thấy, dù các hãng đã tăng 472 chuyến bay với hơn 92.000 ghế, vé máy bay Tết trên nhiều đường bay đã được mua gần hết.
Tính đến ngày 12/1, các hãng hàng không Việt Nam đã bán từ 80% đến hơn 100% số chỗ trên các chuyến bay giữa TP HCM, Hà Nội với các tỉnh, thành phố khác trong dịp cao điểm Tết, từ ngày 24/1 đến ngày 25/2 (tức từ 14 tháng chạp đến 16 tháng giêng).
Để tránh quá tải, các hãng lưu ý hành khách nên làm thủ tục check-in trước qua website, ứng dụng di động, hoặc tại các quầy tự làm thủ tục (kiosk check-in). Hành khách nên có mặt tại sân bay 2 tiếng trước giờ khởi hành với chuyến bay nội địa, 3 tiếng trước giờ khởi hành với các chuyến bay quốc tế.
Thi Hà"
"Người mua, kẻ bán cùng 'thắt hầu bao' đón Tết","Thứ ba, 16/1/2024, 07:17 (GMT+7)","Thanh Huyền (Thanh Xuân, Hà Nội) dự kiến Tết này không sắm quần áo mới và không làm tóc để dồn tiền cho các khoản cần thiết hơn. Công ty bất động sản nơi Huyền đang làm marketing năm nay không có lương tháng 13 cũng như thưởng Tết. Để gói gọn chi tiêu Tết trong 20 triệu đồng, Huyền cũng dự định giảm bớt lì xì cho họ hàng và tự chuẩn bị quà biếu như mứt dừa, ô mai, thay vì hoa quả nhập hay rượu vang đắt tiền như mọi năm.
""Tôi đã lên sẵn danh sách đồ cần mua trên một sàn thương mại điện tử. Trong các đợt sale cuối năm sẽ có nhiều voucher giảm giá, miễn phí vận chuyển. Giá sẽ giảm đáng kể"", Thanh Huyền cho biết.
Huyền không phải người tiêu dùng duy nhất chọn cách chi tiêu này.
Mọi năm, từ giữa tháng 11, ông Sơn, chủ một doanh nghiệp du lịch nhỏ tại Hà Nội, thường đặt nhà vườn tại Nhật Tân giữ trước chậu hoa đào có giá cả chục triệu đồng để chuyển sớm vào Đà Nẵng, Sài Gòn tặng đối tác. Nhưng năm nay, công ty giảm ngân sách này do doanh thu sụt mạnh. ""Cuối năm là dịp để gặp gỡ, cảm ơn đối tác nên chúng tôi vẫn chuẩn bị quà, nhưng phải thay bằng các túi quà tết với giá trị phù hợp hơn"", ông chia sẻ.
Một khảo sát xu hướng do Cốc Cốc hồi tháng 11 cho thấy, 20,8% người dùng bi quan về tình hình tài chính của gia đình. 46% nói sẽ chi tiêu ít hơn trong 12 tháng tới cho giải trí bên ngoài, 43% bớt ăn ngoài, 37% giảm sắm quần áo thời trang, 33% bớt chi cho thiết bị gia dụng, 13% sẽ mua ít thực phẩm hơn.
Kinh tế khó khăn khiến nhiều người tiêu dùng bị ảnh hưởng tiêu cực về việc làm và thu nhập. Khảo sát của Kantar Việt Nam chỉ ra rằng, 28% hộ gia đình gặp khó khăn về tài chính trong năm qua, tăng khoảng 7% so với giai đoạn bình thường mới sau Covid-19.
Dù chưa từng tiếp cận các kết quả khảo sát trên, ông Thuấn, chủ một nhà vườn trồng hoa tại vùng ven Hà Nội, cũng đã dự cảm Tết này người dân thắt chặt hầu bao do kinh tế khó khăn. Vụ Tết Nguyên đán năm nay, gia đình ông trồng 2 sào hoa các loại thay vì 5-6 sào như mọi năm. ""Mỗi sào trồng hoa cúc ước tính cũng 10 triệu đồng, năm nay chỉ cần thu lại vốn và lãi chút đỉnh thôi"", ông nói.
Các nhà vườn trên cả nước cũng đang có xu hướng giảm diện tích và hạn chế sản lượng hoa do lo ngại nhu cầu mua sắm dịp cuối năm không như kỳ vọng. Như vùng trồng hoa cúc nổi tiếng Ninh Giang (Khánh Hòa) dự kiến đưa ra thị trường Tết 2024 khoảng 40.000 chậu hoa cúc, giảm khoảng 5.000 chậu so với vụ năm ngoái, theo đại diện hội nông dân tại đây. Số hộ trồng hoa của vùng này tiếp tục giảm 10% so với năm trước, còn chưa đến 100 hộ.
Không chỉ các hộ nông dân nhỏ lẻ, nhiều ""ông lớn"" trong ngành bán lẻ cũng chịu ảnh hưởng do sức mua thị trường yếu.
Hai tháng 10 và 11, các chuỗi bán lẻ Thế Giới Di Động, Điện Máy Xanh và TopZone đóng gần 150 cửa hàng, con số cao nhất từ trước đến nay. Đến hết tháng 11, doanh nghiệp sở hữu những chuỗi cửa hàng này cũng đánh mất 13% doanh thu so với cùng kỳ. Theo kế hoạch, họ có thể đóng tổng cộng 200 cửa hàng trong ba tháng cuối năm.
Ngành hàng F&B cũng sụt giảm mạnh. Theo kết quả khảo sát hồi tháng 9/2023 của Vietnam Report, từ năm 2022 đến 2023, 33,3% doanh nghiệp ngành này giảm doanh thu; 41,7% doanh nghiệp giảm lợi nhuận. Còn theo số liệu của hãng nghiên cứu thị trường Nielsen IQ, khoảng 84% ngành hàng tiêu dùng nhanh (FMCG) trong hơn 26.000 thương hiệu ở Việt Nam đang trên đà suy giảm sản lượng.
Cùng với thu nhập sụt giảm, nhiều người dân phải thay đổi thói quen tiêu dùng và dần thắt chặt chi tiêu với nhiều mặt hàng quen thuộc. Hãng nghiên cứu thị trường VIRAC dự báo xu hướng tiêu dùng chuyển đổi sang những sản phẩm có tính ứng dụng. Mùa Trung thu vừa qua ghi nhận sự thay đổi này rõ ràng nhất. Thời điểm đó, người tiêu dùng chi tiêu một cách khá cầm chừng, chỉ mua sắm những sản phẩm thực sự cần thiết và có sự so sánh, cân nhắc giá cả.
Khi người tiêu dùng cắt giảm mức chi tiêu, hạn chế mua hàng hơn trước, doanh nghiệp, nhà bán lẻ cũng phải xoay chiến lược kinh doanh. Ông Thuấn, chủ nhà vườn ở Ninh Giang, Khánh Hòa cũng chủ động chọn các loại hoa bình dân, quen thuộc với người tiêu dùng như cúc vạn thọ, sống đời, hướng dương...
Một nhà hàng bán đồ Tây trên tuyến phố sầm uất tại Hà Đông tuần trước đã trả mặt bằng, chuyển địa điểm vào một căn liền kề ở bên kia đường với diện tích nhỏ hơn.
""Mặt bằng cũ là căn biệt thự 2 tầng nhưng thường chỉ lấp đầy tầng 1 vào các tối cuối tuần"", ông Tâm, chủ nhà hàng nói. Theo ông, hiện chi phí thuê mặt bằng chỉ còn 50 triệu đồng mỗi tháng, giảm một nửa trong khi tiền công trả cho nhân viên phục vụ còn 70% so với trước.
Cùng với đó, nguồn ngân sách dành cho chi phí khuyến mại cũng được các doanh nghiệp dồn lực cho mùa vàng cuối năm. Khảo sát cho thấy, hiện các đơn vị lớn như MM Market, Saigon Co.op, Aeon, Lotte Mart, Winmart hay các sàn thương mại điện tử như Shopee, Lazada... đã và đang liên tục công bố những đợt khuyến mãi lớn, kéo dài ở tất cả ngành hàng.
Để tiếp cận khách hàng hiệu quả, Cốc Cốc cho rằng, các nhà bán lẻ cần tập trung vào trải nghiệm khách hàng như quay về với giá trị cốt lõi là đáp ứng nhanh chóng, hiệu quả nhu cầu thiết thực của khách hàng. Đây chính là chìa khóa để doanh nghiệp cạnh tranh với các đối thủ, xây dựng mối quan hệ lâu dài với khách hàng.
Đơn vị này cũng lưu ý các nhà bán lẻ nên cải tiến quy trình, áp dụng công nghệ và tự động hóa. Bởi, công nghệ sẽ giúp doanh nghiệp vận hành hiệu quả, tiết kiệm chi phí và nâng cao hiệu suất. Đồng thời, lựa chọn các kênh quảng cáo trực tuyến sẽ có nhiều ưu thế trong bối cảnh tiêu dùng hiện đại, giúp khách hàng dễ dàng tìm kiếm, tra cứu và tham khảo khi phát sinh nhu cầu mua sắm.
Phương Dung"
Xuất khẩu ớt tăng đột biến,"Thứ ba, 16/1/2024, 06:21 (GMT+7)","Đây là số liệu vừa được Hiệp hội Hồ tiêu Việt Nam công bố. Theo đó, Trung Quốc và Lào là 2 thị trường xuất khẩu chính của quả ớt Việt Nam, lần lượt đạt hơn 8.600 tấn và 1.100 tấn, chiếm 85% và 10,9% thị phần.
Hai năm trở lại đây, Việt Nam được xuất khẩu ớt chính ngạch sang Trung Quốc giúp kim ngạch quả này tăng vọt. Giá ớt bán ra cũng tốt hơn nhiều so với năm 2022, giúp nông dân có lợi nhuận ổn định.
Trung bình, mỗi sào trồng ớt sẽ cho thu hoạch trên 1 tấn quả một năm. Với giá bán 8.000-12.000 đồng một kg, nông dân sẽ thu 8-15 triệu đồng mỗi sào, còn với mức giá 30.000-40.000 đồng, họ có doanh thu 30-50 triệu đồng.
Hiện, giá ớt tại vườn đang dao động 38.000-40.000 một kg. Riêng với loại tuyển chọn xuất khẩu có giá từ 62.000-65.000 đồng một kg, ớt loại 2 là 58.000-60.000 đồng, ớt chợ từ 55.000-58.000 đồng. Mức này đang tăng gấp đôi so với cùng kỳ 2023.
Số liệu từ Cục trồng trọt cho thấy, ớt được trồng nhiều nhất tại các tỉnh Đồng Tháp, An Giang, Tiền Giang, Sóc Trăng, Vĩnh Long và Trà Vinh với tổng diện tích trên 7.000 ha, sản lượng khoảng 100.000 tấn một năm. Trong khi đó, tại Tây Nguyên, diện tích trồng đạt khoảng 4.000-5.000 ha với sản lượng khoảng 60.000 tấn một năm.﻿
Trên thế giới, châu Á - Thái Bình Dương chiếm lĩnh thị trường với Ấn Độ là nước sản xuất và xuất khẩu ớt khô hàng đầu thế giới, tiếp theo là Việt Nam, Trung Quốc và Indonesia. Ấn Độ cũng là nhà sản xuất và tiêu thụ ớt hàng đầu thế giới với khoảng 36% sản lượng toàn cầu, xuất khẩu khoảng 30% tổng sản lượng.
Hồng Châu"
Giá vàng nhẫn lập kỷ lục mới gần 65 triệu một lượng,"Thứ hai, 15/1/2024, 17:07 (GMT+7)","Ngày 15/1, giá vàng nhẫn và nữ trang tại các thương hiệu kinh doanh vàng đồng loạt tăng mạnh.
Giá nhẫn tròn trơn tại Công ty Vàng bạc đá quý Sài Gòn (SJC) tăng thêm nửa triệu đồng cả hai chiều, lên 62,9 - 64,05 triệu đồng một lượng. Vàng nữ trang 99,99% cũng tăng khoảng nửa triệu lên 62,8 - 63,75 triệu đồng.
Tại Công ty Vàng bạc đá quý Phú Nhuận (PNJ), vàng nhẫn trơn cũng lên 62,9 - 63,9 triệu đồng. Vàng nữ trang 99,99% lên 62,8 - 63,6 triệu đồng một lượng. Còn tại thương hiệu Bảo Tín Minh Châu, giá lên 63,9 - 64,9 triệu đồng; vàng trang sức 99,99% lên 63,4 - 64,7 triệu đồng.
Trái với diễn biến của vàng nhẫn và nữ trang, giá vàng miếng hôm nay lại quay đầu giảm. SJC giữ nguyên giá chiều mua vào 74 triệu đồng một lượng vàng miếng song giảm 500.000 đồng ở chiều bán ra xuống 76,5 triệu đồng. Chênh lệch giá mua và bán qua đó thu hẹp xuống 2,5 triệu đồng một lượng.
Trên thị trường quốc tế, mỗi ounce vàng giao dịch quanh 2.056 USD mỗi ounce, quy đổi theo tỷ giá bán Vietcombank tương đương 61,05 triệu đồng một lượng, thấp hơn 3-4 triệu đồng so với vàng nhẫn và kém gần 15,5 triệu so với vàng miếng trong nước.
Còn trên thị trường ngoại hối, giá USD mua bán tại các điểm thu mua ngoại tệ hôm nay tăng mạnh hơn 100 đồng. Giá USD được các tiệm trên thị trường mua vào quanh 24.870 đồng, bán ra 24.970 đồng. Trong khi đó, tỷ giá chính thức tại các ngân hàng biến động không đáng kể.
Quỳnh Trang"
Nhiều chặng bay 'cháy' vé Tết,"Chủ nhật, 14/1/2024, 09:24 (GMT+7)","Chị Oanh, đang làm nhân viên một công ty truyền thông ở TP HCM, cho rằng mọi năm trước Tết Nguyên đán một tháng thường dễ dàng mua vé về sân bay Chu Lai, nhưng nay rất khó. ""Tôi nhờ đại lý canh giùm từ đầu tháng đến giờ vẫn chưa ai báo có vé. Tôi đang phải đặt chuyến TP HCM đi Đà Nẵng vào ban đêm"", chị Oanh nói.
Tương tự, chị Quỳnh Chi đặt vé khứ hồi TP HCM - Đồng Hới nhưng chỉ mua được chiều đi, chiều về các ngày từ 13/2-19/2 (tức 4/1-10/1 âm lịch) đều hết vé. Chị đang tìm cách để mua vé xe vào nhưng các hãng cũng báo hết vé nằm chỉ còn ghế ngồi hành lang.
""Năm nay, giá vé máy bay Tết cao hơn mọi năm nhưng số lượng chuyến bay hạn chế nên việc mua vé của gia đình tôi khá căng thẳng. Tôi đã nhờ 4-5 đại lý canh mua giùm hơn tuần nay vẫn chưa có vé dôi dư"", chị lo lắng.
Bà Phạm Thị Thu - một đại lý vé máy bay ở Hà Nội - cho biết các chặng như TP HCM - Chu Lai/ Đồng Hới/ Thanh Hóa/ Vinh và ngược lại, năm nay hết vé sớm dù các hãng đã tăng cường 2 đợt mở bán mới.
Theo đó, cuối năm 2023, sáu hãng hàng không đều tăng cường chuyến với số lượng lớn, tuy nhiên Bamboo Airways và Vietravel Airlines năm nay giảm lượng vé bán ra do đội bay giảm. ""Cung không đủ cầu đẩy giá vé lên cao. Khá nhiều chặng bay bán hết vé Tết sớm và chỉ còn lại vé hạng thương gia"", bà nói.
Hồng Anh, đại lý vé máy bay ở TP HCM, xác nhận năm nay nhiều người Hà Nội và các tỉnh lân cận làm việc tại TP HCM đã đăng ký vé từ sớm để kịp về ăn Tết tại miền Bắc nên lượng vé tại nhiều chặng hết sớm. Ngoài ra, năm nay tỷ lệ tăng chuyến bay đêm của các hãng hàng không về Chu Lai/ Đồng Hới/ Thanh Hóa, Vinh giảm so với mọi năm nên nhiều chặng chỉ còn vài vé hoặc bán hết từ đầu tháng 1.
Báo cáo mới đây của Cục Hàng không cũng cho thấy, dù các hãng đã tăng 472 chuyến bay với hơn 92.000 ghế trong dịp Tết Nguyên đán 2024, vé máy bay Tết trên nhiều đường bay đã được mua gần hết.
Tính đến ngày 12/1, các hãng hàng không Việt Nam đã bán từ 80% đến hơn 100% số chỗ trên các chuyến bay giữa TP HCM, Hà Nội với các tỉnh, thành phố khác trong dịp cao điểm Tết, từ ngày 24/1 đến ngày 25/2 (tức từ 14 tháng chạp đến 16 tháng giêng).
Theo Cục hàng không, lượng khách đặt chỗ vẫn tăng dần nên tỷ lệ đặt chỗ đang ở mức cao tại một số ngày sát Tết và chiều ngược lại sau Tết Nguyên đán. Do đó, Nhà chức trách sẽ theo dõi và đề nghị các hãng cân đối, tăng chuyến trên các đường bay có nhu cầu cao trong dịp Tết âm lịch 2024.
Hiện, các hãng hàng không Việt Nam (Vietnam Airlines, Vietjet Air, Bamboo Airways, Pacific Airlines) đang bắt đầu tăng các chuyến bay khai thác đêm thông qua các cảng hàng không Đồng Hới, Phù Cát, Chu Lai, Tuy Hòa, Thọ Xuân, Vinh, Pleiku...
Dự kiến nhu cầu khai thác đêm trong giai đoạn Tết Giáp Thìn 2024 từ ngày 21/1-25/2 trong khung giờ từ 21h đến 6h khoảng hơn 1.800 chuyến bay, chiếm tỷ trọng khoảng 8% so với tổng số chuyến bay nội địa khai thác toàn mạng.
Để hỗ trợ các hãng bay và kìm hãm sự tăng giá đột biến, Cục hàng không Việt Nam yêu cầu Tổng công ty Cảng hàng không Việt Nam (ACV) chỉ đạo các cảng hàng không địa phương xây dựng phương án phục vụ, bố trí nguồn nhân lực, trang thiết bị, phương tiện, sẵn sàng phục vụ các chuyến bay đêm.
Cục cũng yêu cầu ACV không thực hiện việc tăng phí phục vụ mặt đất của các cảng hàng không địa phương khi phục vụ các hãng hàng không khai thác ban đêm.
Thi Hà"
Dừa dát vàng giá 350.000 đồng,"Chủ nhật, 14/1/2024, 00:52 (GMT+7)","Hơn 4 năm nay, mỗi dịp Tết, cơ sở sản xuất của anh Nguyễn Anh Vũ, 35 tuổi, TP Thủ Đức tất bật làm dừa mạ vàng. Những quả dừa vàng óng, gắn hình hoa, nơ, rồng phượng, tài lộc được bán với giá từ 350.000 đến một triệu đồng mỗi cặp.
Theo chủ xưởng, lượng khách đặt dừa tăng hơn 30% nhưng do không đủ nhân công nên phải ngưng nhận đơn từ trước Tết một tháng. Dịp Tết này, xưởng tính làm 700 quả mạ vàng, tương đương năm trước.
Hơn 4 năm nay, mỗi dịp Tết, cơ sở sản xuất của anh Nguyễn Anh Vũ, 35 tuổi, TP Thủ Đức tất bật làm dừa mạ vàng. Những quả dừa vàng óng, gắn hình hoa, nơ, rồng phượng, tài lộc được bán với giá từ 350.000 đến một triệu đồng mỗi cặp.
Theo chủ xưởng, lượng khách đặt dừa tăng hơn 30% nhưng do không đủ nhân công nên phải ngưng nhận đơn từ trước Tết một tháng. Dịp Tết này, xưởng tính làm 700 quả mạ vàng, tương đương năm trước.
Dừa trước khi mạ vàng được rửa sạch rồi phết keo dính lên, phơi khô trong 40 phút. Loại để mạ là giống dừa ta nhập từ Tiền Giang. Trái phải to già để không bị đứt cuống, rỉ nước, cứng cáp và chưng được lâu.
Dừa trước khi mạ vàng được rửa sạch rồi phết keo dính lên, phơi khô trong 40 phút. Loại để mạ là giống dừa ta nhập từ Tiền Giang. Trái phải to già để không bị đứt cuống, rỉ nước, cứng cáp và chưng được lâu.
Phía ngoài, nhóm thợ tất bật làm phụ kiện trang trí lên trái dừa. Theo chủ cơ sở, dịp cao điểm là 10 ngày trước Tết, mỗi ngày làm 40 quả để kịp đáp ứng thị trường.
Phía ngoài, nhóm thợ tất bật làm phụ kiện trang trí lên trái dừa. Theo chủ cơ sở, dịp cao điểm là 10 ngày trước Tết, mỗi ngày làm 40 quả để kịp đáp ứng thị trường.
Phụ kiện trang trí như hình con giáp, câu chữ, hoa lá... phần lớn làm bằng keo nhựa đổ trong khuôn. ""Năm nay xưởng chế tác 5 loại khuôn hình rồng để có thêm nhiều mẫu mã, sản phẩm"", anh Vũ nói.
Phụ kiện trang trí như hình con giáp, câu chữ, hoa lá... phần lớn làm bằng keo nhựa đổ trong khuôn. ""Năm nay xưởng chế tác 5 loại khuôn hình rồng để có thêm nhiều mẫu mã, sản phẩm"", anh Vũ nói.
Phụ kiện sau khi sơn trang trí đủ màu sắc sẽ đính lên trái dừa.
Phụ kiện sau khi sơn trang trí đủ màu sắc sẽ đính lên trái dừa.
Đắt nhất là cặp dừa trang trí hình rồng cách điệu chữ ""tài lộc"", đính thêm nhiều loại hoa, lông công, trái châu... với giá một triệu đồng. ""Mẫu này trái to và thời gian chế tác cầu kỳ nhất nên có giá đó"", anh Vũ giải thích.
Đắt nhất là cặp dừa trang trí hình rồng cách điệu chữ ""tài lộc"", đính thêm nhiều loại hoa, lông công, trái châu... với giá một triệu đồng. ""Mẫu này trái to và thời gian chế tác cầu kỳ nhất nên có giá đó"", anh Vũ giải thích.
Những trái dừa dùng lá dát màu đỏ có giá từ 350.000 là loại rẻ nhất, được nhiều khách đặt hàng.
Những trái dừa dùng lá dát màu đỏ có giá từ 350.000 là loại rẻ nhất, được nhiều khách đặt hàng.
Cơ sở của anh Vũ còn làm bưởi dát vàng, năm nay dự kiến làm gần 100 trái, với giá trung bình 400.000 đồng một cặp.
Cơ sở của anh Vũ còn làm bưởi dát vàng, năm nay dự kiến làm gần 100 trái, với giá trung bình 400.000 đồng một cặp.
Còn tại cơ sở của chị Lê Thị Hải Hậu, Hải Dương, bưởi đỏ được tạo hình Phúc - Lộc - Thọ bằng vàng 24K. Quả nhỏ có giá từ khoảng 350.000 đồng, loại to bán 750.000 đồng.
Còn tại cơ sở của chị Lê Thị Hải Hậu, Hải Dương, bưởi đỏ được tạo hình Phúc - Lộc - Thọ bằng vàng 24K. Quả nhỏ có giá từ khoảng 350.000 đồng, loại to bán 750.000 đồng."
Xuất khẩu chè Việt Nam thấp nhất 7 năm,"Chủ nhật, 14/1/2024, 15:43 (GMT+7)","Đây là số liệu mới nhất từ Hải quan Việt Nam. Theo đó, 2023 là năm có sản lượng xuất khẩu thấp nhất 7 năm.
Giá chè xuất khẩu bình quân năm ngoái đạt 1.737 USD một tấn, tăng hơn 7% so với năm 2022, nhưng mức giá này mới chỉ bằng 67% so giá chè xuất khẩu bình quân trên thế giới. Giá chè xuất khẩu bình quân toàn cầu năm 2023 đạt 2.600 USD một tấn.
Theo Cục Chất lượng Chế biến và Phát triển Thị trường Nông sản (Bộ Nông nghiệp và Phát triển Nông thôn), nguyên nhân khiến hoạt động xuất khẩu chè của Việt Nam giảm mạnh do nhu cầu thế giới yếu và các quy định nhập khẩu ngày càng khắt khe tại các thị trường chính. Bên cạnh đó, chủng loại chè xuất khẩu của Việt Nam đa phần ở dạng thô, hàm lượng chế biến thấp.
Trong năm 2023, xuất khẩu chè sang các thị trường chính như Pakistan, Đài Loan và Nga đều giảm. Tình trạng thiếu ngoại tệ của Pakistan khiến nhiều doanh nghiệp nhập khẩu nước này không thể mua được ngoại tệ để thanh toán cho công ty xuất khẩu.
Bên cạnh đó, nhu cầu tiêu dùng chè trên thế giới đã thay đổi, chuyển từ các sản phẩm chè thông thường sang các sản phẩm chè chế biến sâu, đặc sản. Điều này khiến hàng Việt gặp khó khi chậm đầu tư vào chế biến sâu và ít nghiên cứu sản phẩm mới.
Hiện sản phẩm chè xanh vẫn chiếm tới 94% trong tổng khối lượng chè xuất khẩu của Việt Nam. Đây là sản phẩm chè cấp thấp nhất, chủ yếu sử dụng phương pháp sao sấy truyền thống, chưa qua công đoạn chế biến sâu. Trong khi đó, các sản phẩm chè cao cấp như chè đen, ướp hoa, ô long... chỉ chiếm 6% trong tổng khối lượng chè xuất khẩu.
Theo Bộ Nông nghiệp và Phát triển Nông thôn, cả nước có 120.000 ha diện tích trồng chè, 257 doanh nghiệp chế biến chè quy mô công nghiệp, tổng công suất theo thiết kế 5.200 tấn búp tươi một ngày. Một số doanh nghiệp đã đầu tư dây chuyền công nghệ chế biến hiện đại, nhưng số lượng đầu tư không nhiều.
Hiện sản xuất chè theo nông hộ chiếm gần 65% về diện tích, quy mô khoảng 0,2 ha một hộ; tình trạng thu gom nguyên liệu qua nhiều cấp làm tăng giá nguyên liệu đầu vào, kéo dài thời gian bảo quản, làm giảm chất lượng nguyên liệu, tăng chi phí đầu tư.
Để đẩy mạnh xuất khẩu sang các thị trường lớn trên thế giới, ngành chè Việt Nam phải đẩy mạnh sản xuất chè theo hướng an toàn; khuyến khích các doanh nghiệp sản xuất chè ứng dụng công nghệ cao, chú trọng tăng nhanh tỷ trọng những sản phẩm có giá trị cao và sản phẩm mới.
Các doanh nghiệp cũng cần đầu tư vào chế biến sâu các sản phẩm như chè ô long, chè lên men, hồng trà, bạch trà, chè ướp hương thơm từ các loại hoa... Các địa phương cần thúc đẩy sản xuất chè theo hướng an toàn; khuyến khích nhân dân sản xuất chè ứng dụng công nghệ cao, sinh học, sản xuất nông nghiệp hữu cơ; hỗ trợ liên kết sản xuất gắn với chế biến và tiêu thụ sản phẩm.
Thi Hà"
Giá vàng miếng SJC lên 77 triệu đồng,"Thứ bảy, 13/1/2024, 14:14 (GMT+7)","Trưa nay (13/1), Công ty Vàng bạc đá quý Sài Gòn (SJC) yết giá mua vào vàng miếng 74 triệu đồng một lượng, tăng 500.000 đồng so với cuối ngày hôm qua. Giá bán ra điều chỉnh mạnh hơn khi tăng tới 1 triệu đồng mỗi lượng, lên 77 triệu đồng. Do đó, chênh lệch giá mua và bán lại được nới rộng lên 3 triệu đồng một lượng.
Tập đoàn Vàng bạc đá quý DOJI cũng nâng giá vàng miếng lên 73,95 - 76,95 triệu đồng.
Như vậy, mỗi lượng vàng miếng đã tăng 2,5 triệu đồng trong ba ngày gần đây. So với mức đỉnh thiết lập trong ngày 26/12/2023, mỗi lượng vàng miếng SJC bán ra cho người dân hiện thấp hơn 3 triệu đồng còn chiều mua vào rẻ hơn tới 5 triệu.
Vàng nhẫn và nữ trang sáng nay cũng tăng thêm 200.00-300.000 đồng một lượng so với hôm qua. SJC mua vào mỗi lượng vàng nhẫn trơn 62,4 triệu đồng, bán ra 63,5 triệu còn vàng nữ trang 99,99% thấp hơn vàng nhẫn 100.000-300.000 đồng một lượng.
Giá vàng miếng trong nước tăng nhanh trong ba ngày gần đây khiến chênh lệch với thế giới kéo dãn từ mức 14-15 triệu lên 16 triệu đồng một lượng.
Trên thị trường quốc tế, giá vàng thế giới giao ngay có lúc vượt 2.060 USD một ounce, trước khi chốt phiên cuối tuần ở mức 2.048 USD. Quy đổi theo tỷ giá bán Vietcombank, vàng nhẫn cao hơn thế giới 2,6-3 triệu đồng.
Nhà đầu tư vẫn đang kỳ vọng vào đà tăng giá của kim loại quý trên thị trường quốc tế, dựa trên kịch bản cắt giảm lãi suất của Cục Dự trữ Liên bang Mỹ (Fed). Tuy nhiên, thị trường vàng miếng trong nước lại đang đối mặt với ""cơn gió ngược"" khi Ngân hàng Nhà nước phát thông điệp can thiệp thị trường vàng để hạ chênh lệch với thế giới.
Người đứng đầu Chính phủ yêu cầu Ngân hàng Nhà nước có giải pháp quản lý, điều hành giá vàng miếng trong nước theo nguyên tắc thị trường, không để chênh lệch giá trong nước và quốc tế ở mức cao.
Ngân hàng Nhà nước cho biết trong tháng này sẽ trình Thủ tướng báo cáo tổng kết, đánh giá về công tác quản lý thị trường vàng và định hướng thay đổi chính sách, cũng như cân nhắc việc có nên độc quyền vàng miếng SJC hay không.
Quỳnh Trang"
"Giá cà phê phá đỉnh, nông dân lãi lớn","Thứ bảy, 13/1/2024, 08:01 (GMT+7)","Đang trong vụ thu hoạch cà phê nhưng giá liên tục tăng mạnh và lập đỉnh mới. Giá cà phê đạt 70.000 đồng một kg hồi tháng 7/2023. Từ đầu tháng 1 tới nay, giá loại hạt này tại tỉnh Lâm Đồng, Đăk Lăk, Đăk Nông, Gia Lai, Kon Tum tăng lên 70.800-71.000 đồng một kg. Mức này đã giúp nông dân thu lợi nhuận cao nhất lịch sử.
Chị Hải ở Kon Tum vừa bán 6 tấn cà phê nhân với giá 71 triệu đồng một tấn, tăng gần 80% so với cùng kỳ năm ngoái. ""Tôi tính để hết Tết Nguyên Đán mới bán nhưng khi thấy được trả mức ngoài sức tưởng tưởng nên quyết định xuất bán"", chị nói.
Nếu năm ngoái chị phải tìm mối, năm nay các cơ sở vào tận nhà thu mua và liên tục đưa ra giá cao. Nhờ vậy, gia đình thu về 426 triệu đồng, mức thu nhập cao nhất nhiều năm qua, gấp 2-4 lần trồng lúa.
Tương tự, chị Lan ở Gia Lai cũng kể năm nay bội thu vì vừa bán với mức giá 70,8 triệu đồng một tấn. ""Tôi không nghĩ vào đúng vụ thu hoạch giá cà phê lại cao hơn cả lúc hết vụ, ngược xu hướng chung nhiều năm qua"", chị Lan nhận định.
Ông Lê Thành Trung ở Gia Lai cũng cho biết năm nay có thời điểm giá cà phê tươi tại Gia Lai được thu mua ở mức 15.000 đồng một kg, còn với hộ phơi để xay nhân, dù sản lượng giảm vẫn lãi lớn.
Không chỉ nông dân ở Kon Tum, Gia Lai mà tại Đăk Lăk, Lâm Đồng, Sở Nông nghiệp các tỉnh cũng cho biết vụ cà phê năm nay, với giá bán bình quân 65.000 đồng một kg nhân, mỗi ha nông dân địa phương thu nhập 180-300 triệu đồng (tùy tuổi đời cây), trừ chi phí còn lãi 120-200 triệu, tăng 60-80 triệu đồng so với năm 2022.
Trên thị trường thế giới, giá cà phê Robusta trên sàn ICE Europe – London tăng 5 phiên liên tiếp lên đỉnh mới. Kỳ hạn giao tháng 3 tăng thêm 18 USD, lên 2.950 USD một tấn và kỳ hạn giao tháng 5 tăng thêm 15 USD, lên 2.845 USD một tấn. Phiên giao dịch sáng 12/1, thị trường có điều chỉnh nhưng mức giảm không đáng kể.
Với giá cà phê Arabica, kỳ hạn giao tháng 3 tăng 2,90 cent, lên 184,05 cent một pound và kỳ hạn giao tháng 5 tăng 2,05 cent, lên 181 cent một pound.
Ông Lương Văn Tự - Nguyên Chủ tịch Hiệp hội cà phê ca cao Việt Nam - cho hay đây là lần thứ năm từ 1971, giá cà phê liên tục lập đỉnh mới. Việt Nam có lợi thế về cà phê Robusta. Giá loại này tăng nhiều phiên liên tiếp do lo ngại nguồn cung từ châu Á và tuyến vận tải biển Âu - Á qua kênh đào Suez bị tắc nghẽn. Ngoài ra, sản lượng cà phê thu hoạch năm nay dự kiến giảm.
Tại Việt Nam, vụ thu hoạch cà phê năm nay nhiều nhà vườn cho biết giảm 20-40% so với cùng kỳ năm ngoái. Tuy nhiên, nhờ giá thu mua cao nên vụ mùa năm nay lãi lớn.
Theo Hiệp hội Cà phê ca cao Việt Nam, niên vụ 2023-2024, sản lượng cà phê của nước ta dự kiến giảm xuống 1,6-1,7 triệu tấn, thấp hơn mức 1,78 triệu tấn niên vụ trước đó.
Dự báo ngành cà phê Việt Nam sẽ tiếp tục được hưởng lợi trong năm nay nhờ giá cà phê Robusta duy trì ở mức cao, thậm chí có thể lập đỉnh cao hơn vì lo ngại thiếu hụt nguồn cung. Giá cà phê nhân xô Việt Nam trong năm nay có thể ở mức cao nhất thế giới.
Thi Hà"
Vàng miếng SJC lên 76 triệu đồng,"Thứ sáu, 12/1/2024, 20:41 (GMT+7)","Chiều nay (12/1), Công ty Vàng bạc đá quý Sài Gòn (SJC) yết giá mua vào 73,5 triệu đồng, bán ra 76 triệu đồng một lượng, tăng thêm 800.000 đồng so với cuối ngày hôm qua. Như vậy trong hai ngày, SJC nâng giá chiều mua vào 2,3 triệu đồng một lượng và tăng 1,8 triệu đồng ở chiều bán ra.
Tại Tập đoàn Vàng bạc đá quý DOJI, vàng miếng cũng lên 73,45 - 75,95 triệu đồng một lượng.
Đây là mức giá cao nhất của vàng miếng SJC từ đầu năm. Còn so với mức đỉnh thiết lập vào 26/12/2023, mỗi lượng vàng miếng thấp hơn 5,5-6 triệu đồng.
Hôm nay, vàng nhẫn và nữ trang cũng đi lên nhưng biến động ít hơn. Mỗi lượng vàng nhẫn SJC tăng 200.000 đồng lên 62,2 - 63,2 triệu đồng. Còn vàng trang sức 99,99% lên 62,2 - 63,3 triệu. Tại DOJI, vàng nhẫn tròn Hưng Thịnh Vượng lên 62,85 - 63,75 triệu còn vàng nữ trang lên 62,45 - 63,5 triệu đồng.
Giá vàng thế giới ở mức 2.049 USD một ounce, nếu quy đổi theo tỷ giá bán Vietcombank tương đương 60,85 triệu đồng một lượng, thấp hơn 15,2 triệu đồng so với giá vàng miếng và khoảng 2,3 triệu đồng so với vàng nhẫn trong nước.
Đầu năm nay, Ngân hàng Nhà nước ban hành Quyết định 02, sửa đổi, bổ sung quy định liên quan đến thành phần tham gia Tổ giám sát gia công vàng miếng - đơn vị có nhiệm vụ giám sát việc gia công vàng miếng từ vàng nguyên liệu.
Quy định về Tổ giám sát này đã có từ 2012, nhưng hơn chục năm qua Ngân hàng Nhà nước không sản xuất thêm vàng miếng. Với lần sửa đổi này, Ngân hàng Nhà nước thêm thẩm quyền cho Vụ kiểm toán nội bộ tham gia vào Tổ giám sát này.
Tại buổi họp báo triển khai nhiệm vụ ngành ngân hàng ngày 3/1, Phó Thống đốc Đào Minh Tú khẳng định không để giá vàng miếng chêch lệch lớn với thế giới và sẽ xem xét sửa Nghị định 24 quản lý hoạt động kinh doanh vàng. Bên cạnh đó, nhà điều hành cho biết sẽ đánh giá lại vai trò của SJC trong việc thực hiện nhiệm vụ của mình.
Quỳnh Trang"
Giao dịch hàng hóa trên sàn Việt Nam đạt 4.000 tỷ đồng mỗi ngày,"Thứ sáu, 12/1/2024, 21:01 (GMT+7)","Theo báo cáo của Sở Giao dịch Hàng hóa Việt Nam (MXV), năm 2023 giá trị giao dịch trung bình của hàng hóa trên sàn đạt 4.000 tỷ đồng mỗi ngày, trong đó có những ngày đạt kỷ lục gần 10.000 tỷ đồng. Số lượng đơn vị tham gia hơn 30.000 tài khoản, tăng 20% so với năm 2022. Hiện, sàn niêm yết 45 sản phẩm giao dịch liên thông với thế giới chia làm 4 nhóm: nông sản, năng lượng, kim loại và nguyên liệu công nghiệp.
Sở Giao dịch hàng hóa là đơn vị tổ chức thị trường giao dịch hàng hóa tập trung quy mô cấp quốc gia đầu tiên tại Việt Nam. Trong 5 năm gần đây khi được Bộ Công Thương cho phép liên thông giao dịch với thế giới, thị trường đã trải qua giai đoạn phát triển mạnh. Giao dịch diễn ra thông suốt 24 giờ mỗi ngày từ sáng thứ hai đến sáng thứ bảy hàng tuần. Kể từ tháng 6/2023, MXV chính thức được phép triển khai giao dịch các hợp đồng quyền chọn hàng hóa trên phạm vi toàn quốc. Sau hơn 6 tháng triển khai, hợp đồng quyền chọn đã nhận được sự quan tâm rất lớn của các doanh nghiệp và nhà đầu tư trong nước, thể hiện qua khối lượng giao dịch tăng trưởng đều mỗi tháng.
Chia sẻ tại hội nghị mua bán hàng hóa qua Sở giao dịch do Tạp chí Doanh nghiệp và Hội nhập tổ chức chiều 12/1 ở TP HCM, ông Nguyễn Quốc Thịnh – Chủ tịch Hội đồng quản trị Công ty cổ phần Gia Cát Lợi, cho rằng tham gia sở giao dịch hàng hóa nhà đầu tư và doanh nghiệp đảm bảo lợi nhuận bất chấp những biến động của thị trường. Thời gian giao dịch hàng hóa linh hoạt, thanh khoản cao và nhanh chóng. Đặc biệt, nhà đầu tư không chịu nhiều rủi ro về tồn kho hàng hóa khi giao dịch trên sàn.
Ông dẫn chứng, như khi giao dịch cà phê, doanh nghiệp chỉ cần đặt lệnh mua trên sàn mà không cần phải mang hàng thật về kho cất. Khi thị trường tăng, doanh nghiệp đặt lệnh bán là sẽ có lời mà không gặp bất cứ rủi ro nào về tồn kho và chất lượng.
Đồng quan điểm, ông Lương Văn Tự, nguyên Chủ tịch hiệp hội cà phê, ca cao Việt Nam cho biết mặc dù sàn giao dịch hàng hóa còn mới mẻ nhưng với giao dịch tăng qua các năm cho thấy tín hiệu đáng mừng. Bởi lẽ, trước đó rất nhiều sàn giao dịch lập ra nhưng chỉ hoạt động cầm chừng và ngưng hoạt động sau vài tháng hoặc 2 năm.
Ông Tự cho biết, trước đây ông đã từng giúp các doanh nghiệp bán hàng hóa trên sàn Singapore và gặt hái được nhiều thành công. Tuy nhiên, ông khuyên các doanh nghiệp cần tìm hiểu kỹ và tham gia vào đào tạo trước khi gia nhập thị trường. Bởi, theo ông sàn giao dịch hàng hóa này đa phần là giao dịch hợp đồng tương lai nên phải hiểu rõ xu hướng cung cầu hàng hóa.
Chuyên gia kinh tế - TS Đinh Thế Hiển cũng cho rằng, Sở giao dịch hàng hóa Việt Nam chưa thực sự hoàn chỉnh như các nước khu vực. Do đó, Sở chưa phát huy thế mạnh của trong việc phát triển nông nghiệp và tạo lợi ích cho nông dân, công ty sản xuất nông nghiệp. MXV chưa được quy định mã ngành, nghề kinh tế riêng, gây khó khăn cho nhà đầu tư nước ngoài khi tham gia vào thị trường. Do đó, ông Hiển cho rằng cần có nhiều bước tiến nâng cấp để phù hợp hơn với thị trường chung thế giới.
Để mở rộng nhóm hàng, MXV cho biết sẽ sớm niêm yết giao dịch sản phẩm tín chỉ carbon liên thông với thế giới. Theo tầm nhìn và định hướng phát triển thị trường giao dịch hàng hóa tại Việt Nam giai đoạn 2023-2030, MXV sẽ dành rất nhiều nguồn lực để xây dựng các thị trường hàng hóa chuyên biệt mà nước ta có thế mạnh.
Mới đây, MXV đã ký kết hợp tác với Sở Công Thương TP HCM, Sở Nông nghiệp và Phát triển Nông thôn TP HCM xây dựng đề án thành lập Sàn giao dịch thịt heo tại TP HCM. Sàn giao dịch thịt heo sẽ vận hành theo tôn chỉ đặt lợi ích của người dân lên hàng đầu, nâng cao chất lượng vệ sinh an toàn thực phẩm và giúp thị trường không còn chịu sự chi phối của các thương lái.
Hồng Châu"
Ngân hàng hạ giá gần 10 tỷ đồng du thuyền của FLC,"Thứ sáu, 12/1/2024, 15:01 (GMT+7)","Du thuyền của FLC lần đầu được đưa ra đấu giá tháng 11/2022 với giá khởi điểm gần 36 tỷ đồng. Đây là tài sản Tập đoàn FLC thế chấp tại Ngân hàng Đầu tư và Phát triển Việt Nam - BIDV chi nhánh Quy Nhơn.
Du thuyền của FLC thuộc dòng Galeon 660 Fly được đóng tại Ba Lan năm 2017. FLC Albatross có chiều dài thiết kế gần 22 m, rộng hơn 5 m, chiều cao mạn 3,15 m. Du thuyền có 4 phòng ngủ, quầy bar, khu tắm nắng, nơi tổ chức tiệc. Tàu có sức chứa theo đăng ký là 12 người.
Tuy nhiên, sau 5 lần đấu giá trong hơn một năm qua, nhà băng vẫn chưa thanh lý được chiếc du thuyền hạng sang này. Phiên bán lần thứ 6 sẽ được tổ chức vào ngày 19/1 tại quận Phú Nhuận, TP HCM.
Giá khởi điểm của du thuyền FLC Alabatross từ 25,8 tỷ đồng. Như vậy, mức giá này đã giảm khoảng 10 tỷ đồng so với lần đấu giá đầu tiên. Khách hàng muốn tham gia du thuyền này cần đặt trước 10% giá khởi điểm, tương đương hơn 2,58 tỷ đồng.
Hiện tại, du thuyền được neo tại bến Sa Kê ở phường 13, quận Bình Thạnh, TP HCM do FLC quản lý và bảo quản. Phương tiện này được đăng ký từ tháng 11/2018.
Ngoài du thuyền, sau khi cựu Chủ tịch FLC Trịnh Văn Quyết vướng vào lao lý, các ngân hàng thu hồi một số tài sản đắt tiền của ông và doanh nghiệp để bán đấu giá xử lý nợ. Năm ngoái, sau nhiều lần bất thành, hai chiếc xe siêu sang Rolls- Royce của ông Quyết cũng tìm được chủ mới sau khi giá khởi điểm được giảm hàng tỷ đồng.
Anh Tú"
Xuất khẩu gạo cao nhất từ trước đến nay,"Thứ sáu, 12/1/2024, 13:33 (GMT+7)","Đây là con số thống kê mới nhất từ Tổng cục Hải quan. So với 2022, xuất khẩu gạo tăng 14,4% về lượng và 35,3% về giá trị so với cùng kỳ năm ngoái.
Việt Nam là nước sản xuất gạo lớn thứ năm thế giới và là nhà xuất khẩu lớn thứ ba thế giới (tính theo sản lượng). Dù ảnh hưởng bởi El Nino, sản lượng gạo xuất khẩu của Việt Nam vẫn tăng đột biến.
Theo các doanh nghiệp, xuất gạo xuất khẩu của Việt Nam tăng mạnh kể từ khi Chính phủ Ấn Độ ban hành lệnh cấm xuất khẩu gạo trắng non-basmati vào tháng 7/2023. Tới nay, lệnh cấm này chưa gỡ bỏ nên kỳ vọng xuất khẩu gạo trong năm 2024 sẽ có nhiều dấu hiệu tích cực.
Hiện, Ấn Độ chiếm khoảng 40% tổng lượng gạo xuất khẩu toàn cầu. Trong đó, Iran, Arabia Saudi và Trung Quốc là các khách hàng lớn nhất. Một số nước châu Phi phụ thuộc đáng kể vào gạo từ quốc gia Nam Á.
Năm nay cũng là năm mà nhiều nước gia tăng nhập gạo Việt, bằng 2-28 lần so với cùng kỳ năm ngoái. Philippines là thị trường nhập khẩu gạo lớn nhất của Việt Nam với hơn 3,1 triệu tấn; Indonesia nhập khoảng 1,15 triệu tấn; Trung Quốc trên 908.000 tấn trong khi Ghana khoảng 576.000 tấn...
Giám đốc một doanh nghiệp xuất khẩu gạo ở Đồng Tháp đánh giá 2023 là một nhu cầu nhập khẩu từ các quốc gia tăng cao. Đặc biệt nhiều nước trước đây chỉ nhập hàng Việt nhỏ giọt, nay cũng tìm tới mua với sản lượng lớn.
Dự báo về năm 2024, các doanh nghiệp cho rằng xuất khẩu gạo vẫn có nhiều lạc quan. Các nước nhập khẩu gạo đang tìm kiếm nguồn cung ổn định. Ấn Độ có thể tiếp tục duy trì hạn chế xuất khẩu gạo sau cuộc bầu cử và ảnh hưởng của hiện tượng El Nino có thể kéo dài tới giữa năm nay.
Thi Hà"
